species,GCA,N50,GCA_gff,GCA_gtf,GCA_cds,GCA_protein,GCA_translate_cds,GCF_gff,GCF_gtf,GCF_cds,GCF_protein,GCF_translate_cds,total,binary
Abrus precatorius,GCA_003935025.1,11837218,0,0,0,0,0,1,1,1,1,1,5,1
Acer yangbiense,GCA_008009225.1,5864378,1,1,1,1,1,0,0,0,0,0,5,1
Actinidia chinensis,GCA_000467755.1,58864,0,0,0,0,0,0,0,0,0,0,0,0
Actinidia chinensis,GCA_009663005.1,1433402,0,0,0,0,0,0,0,0,0,0,0,0
Actinidia eriantha,GCA_004150315.1,539246,0,0,0,0,0,0,0,0,0,0,0,0
Aegilops tauschii,GCA_002105435.1,70537,0,0,0,0,0,0,0,0,0,0,0,0
Aegilops tauschii,GCA_000347335.2,121249,0,0,0,0,0,0,0,0,0,0,0,0
Aethionema arabicum,GCA_000411095.1,10972,0,0,0,0,0,0,0,0,0,0,0,0
Allium sativum,GCA_014155895.1,193988,0,0,0,0,0,0,0,0,0,0,0,0
Alloteropsis semialata,GCA_004135705.1,39262,0,0,0,0,0,0,0,0,0,0,0,0
Alnus glutinosa,GCA_003254965.1,9564,0,0,0,0,0,0,0,0,0,0,0,0
Amaranthus hypochondriacus,GCA_000753965.2,82813,0,0,0,0,0,0,0,0,0,0,0,0
Amaranthus tuberculatus,GCA_000180655.1,241,0,0,0,0,0,0,0,0,0,0,0,0
Amborella trichopoda,GCA_000471905.1,29332,1,1,1,1,1,1,0,0,1,0,7,1
Amphicarpaea edgeworthii,GCA_014843725.1,9697753,0,0,0,0,0,0,0,0,0,0,0,0
Ananas comosus,GCA_001661175.1,57301,1,1,1,1,1,0,0,0,0,0,5,1
Ananas comosus,GCA_902162155.2,114627,0,0,0,0,0,0,0,0,0,0,0,0
Ananas comosus,GCA_001540865.1,114399,0,0,0,0,0,1,1,1,1,1,5,1
Andrographis paniculata,GCA_009805555.1,5149272,0,0,0,0,0,0,0,0,0,0,0,0
Andrographis paniculata,GCA_004354405.1,388864,0,0,0,0,0,0,0,0,0,0,0,0
Anthoceros angustus,GCA_010909165.1,796643,0,0,0,0,0,0,0,0,0,0,0,0
Apium graveolens,GCA_009905375.1,790578,1,1,1,1,1,0,0,0,0,0,5,1
Apostasia shenzhenica,GCA_002786265.1,80069,1,1,1,1,1,0,0,0,0,0,5,1
Aquilaria sinensis,GCA_005392925.1,323621,0,0,0,0,0,0,0,0,0,0,0,0
Aquilaria sinensis,GCA_011066525.1,60210,0,0,0,0,0,0,0,0,0,0,0,0
Aquilegia coerulea,GCA_002738505.1,121821,1,1,1,1,1,0,0,0,0,0,5,1
Arabidopsis halleri,GCA_003711535.1,2562,0,0,0,0,0,0,0,0,0,0,0,0
Arabidopsis thaliana,GCA_900234255.1,6706,0,0,0,0,0,0,0,0,0,0,0,0
Arabidopsis thaliana,GCA_900234225.1,6891,0,0,0,0,0,0,0,0,0,0,0,0
Arabidopsis thaliana,GCA_900233955.1,7435,0,0,0,0,0,0,0,0,0,0,0,0
Arabidopsis thaliana,GCA_900233975.1,7556,0,0,0,0,0,0,0,0,0,0,0,0
Arabidopsis thaliana,GCA_900233925.1,8390,0,0,0,0,0,0,0,0,0,0,0,0
Arabidopsis thaliana,GCA_900233945.1,8741,0,0,0,0,0,0,0,0,0,0,0,0
Arabidopsis thaliana,GCA_900233715.1,8781,0,0,0,0,0,0,0,0,0,0,0,0
Arabidopsis thaliana,GCA_900233895.1,8903,0,0,0,0,0,0,0,0,0,0,0,0
Arabidopsis thaliana,GCA_900233845.1,9154,0,0,0,0,0,0,0,0,0,0,0,0
Arabidopsis thaliana,GCA_900233675.1,9223,0,0,0,0,0,0,0,0,0,0,0,0
Arabidopsis thaliana,GCA_900234015.1,9447,0,0,0,0,0,0,0,0,0,0,0,0
Arabidopsis thaliana,GCA_900233815.1,9622,0,0,0,0,0,0,0,0,0,0,0,0
Arabidopsis thaliana,GCA_900234005.1,10081,0,0,0,0,0,0,0,0,0,0,0,0
Arabidopsis thaliana,GCA_900233655.1,10140,0,0,0,0,0,0,0,0,0,0,0,0
Arabidopsis thaliana,GCA_900233885.1,10331,0,0,0,0,0,0,0,0,0,0,0,0
Arabidopsis thaliana,GCA_900234055.1,10529,0,0,0,0,0,0,0,0,0,0,0,0
Arabidopsis thaliana,GCA_900233915.1,10667,0,0,0,0,0,0,0,0,0,0,0,0
Arabidopsis thaliana,GCA_900234315.1,10727,0,0,0,0,0,0,0,0,0,0,0,0
Arabidopsis thaliana,GCA_900233695.1,10940,0,0,0,0,0,0,0,0,0,0,0,0
Arabidopsis thaliana,GCA_900233855.1,10947,0,0,0,0,0,0,0,0,0,0,0,0
Arabidopsis thaliana,GCA_900233825.1,11000,0,0,0,0,0,0,0,0,0,0,0,0
Arabidopsis thaliana,GCA_900234365.1,11023,0,0,0,0,0,0,0,0,0,0,0,0
Arabidopsis thaliana,GCA_900234035.1,11110,0,0,0,0,0,0,0,0,0,0,0,0
Arabidopsis thaliana,GCA_900233805.1,11170,0,0,0,0,0,0,0,0,0,0,0,0
Arabidopsis thaliana,GCA_900233865.1,11187,0,0,0,0,0,0,0,0,0,0,0,0
Arabidopsis thaliana,GCA_900234095.1,11300,0,0,0,0,0,0,0,0,0,0,0,0
Arabidopsis thaliana,GCA_900234245.1,11307,0,0,0,0,0,0,0,0,0,0,0,0
Arabidopsis thaliana,GCA_900233645.1,11330,0,0,0,0,0,0,0,0,0,0,0,0
Arabidopsis thaliana,GCA_900234325.1,11366,0,0,0,0,0,0,0,0,0,0,0,0
Arabidopsis thaliana,GCA_900234085.1,11382,0,0,0,0,0,0,0,0,0,0,0,0
Arabidopsis thaliana,GCA_900233835.1,11382,0,0,0,0,0,0,0,0,0,0,0,0
Arabidopsis thaliana,GCA_900233635.1,11400,0,0,0,0,0,0,0,0,0,0,0,0
Arabidopsis thaliana,GCA_900233905.1,11459,0,0,0,0,0,0,0,0,0,0,0,0
Arabidopsis thaliana,GCA_900233875.1,11622,0,0,0,0,0,0,0,0,0,0,0,0
Arabidopsis thaliana,GCA_900233665.1,11669,0,0,0,0,0,0,0,0,0,0,0,0
Arabidopsis thaliana,GCA_900234195.1,11753,0,0,0,0,0,0,0,0,0,0,0,0
Arabidopsis thaliana,GCA_900234045.1,11781,0,0,0,0,0,0,0,0,0,0,0,0
Arabidopsis thaliana,GCA_900234155.1,11923,0,0,0,0,0,0,0,0,0,0,0,0
Arabidopsis thaliana,GCA_900233745.1,11998,0,0,0,0,0,0,0,0,0,0,0,0
Arabidopsis thaliana,GCA_900233795.1,12004,0,0,0,0,0,0,0,0,0,0,0,0
Arabidopsis thaliana,GCA_900233765.1,12034,0,0,0,0,0,0,0,0,0,0,0,0
Arabidopsis thaliana,GCA_900234065.1,12037,0,0,0,0,0,0,0,0,0,0,0,0
Arabidopsis thaliana,GCA_900234205.1,12096,0,0,0,0,0,0,0,0,0,0,0,0
Arabidopsis thaliana,GCA_900234215.1,12116,0,0,0,0,0,0,0,0,0,0,0,0
Arabidopsis thaliana,GCA_900233985.1,12199,0,0,0,0,0,0,0,0,0,0,0,0
Arabidopsis thaliana,GCA_900233755.1,12218,0,0,0,0,0,0,0,0,0,0,0,0
Arabidopsis thaliana,GCA_900234105.1,12249,0,0,0,0,0,0,0,0,0,0,0,0
Arabidopsis thaliana,GCA_900234285.1,12368,0,0,0,0,0,0,0,0,0,0,0,0
Arabidopsis thaliana,GCA_900234145.1,12442,0,0,0,0,0,0,0,0,0,0,0,0
Arabidopsis thaliana,GCA_900233995.1,12532,0,0,0,0,0,0,0,0,0,0,0,0
Arabidopsis thaliana,GCA_900234115.1,12615,0,0,0,0,0,0,0,0,0,0,0,0
Arabidopsis thaliana,GCA_900234175.1,12629,0,0,0,0,0,0,0,0,0,0,0,0
Arabidopsis thaliana,GCA_900233965.1,12633,0,0,0,0,0,0,0,0,0,0,0,0
Arabidopsis thaliana,GCA_900234135.1,12643,0,0,0,0,0,0,0,0,0,0,0,0
Arabidopsis thaliana,GCA_900234165.1,12704,0,0,0,0,0,0,0,0,0,0,0,0
Arabidopsis thaliana,GCA_900233725.1,12809,0,0,0,0,0,0,0,0,0,0,0,0
Arabidopsis thaliana,GCA_900233685.1,12815,0,0,0,0,0,0,0,0,0,0,0,0
Arabidopsis thaliana,GCA_900234025.1,12892,0,0,0,0,0,0,0,0,0,0,0,0
Arabidopsis thaliana,GCA_900233705.1,12946,0,0,0,0,0,0,0,0,0,0,0,0
Arabidopsis thaliana,GCA_900234275.1,13058,0,0,0,0,0,0,0,0,0,0,0,0
Arabidopsis thaliana,GCA_900234295.1,13090,0,0,0,0,0,0,0,0,0,0,0,0
Arabidopsis thaliana,GCA_900233775.1,13307,0,0,0,0,0,0,0,0,0,0,0,0
Arabidopsis thaliana,GCA_900234185.1,13384,0,0,0,0,0,0,0,0,0,0,0,0
Arabidopsis thaliana,GCA_900234265.1,13420,0,0,0,0,0,0,0,0,0,0,0,0
Arabidopsis thaliana,GCA_900233785.1,13433,0,0,0,0,0,0,0,0,0,0,0,0
Arabidopsis thaliana,GCA_900234305.1,13765,0,0,0,0,0,0,0,0,0,0,0,0
Arabidopsis thaliana,GCA_900234125.1,13826,0,0,0,0,0,0,0,0,0,0,0,0
Arabidopsis thaliana,GCA_900233735.1,13902,0,0,0,0,0,0,0,0,0,0,0,0
Arabidopsis thaliana,GCA_900234235.1,14201,0,0,0,0,0,0,0,0,0,0,0,0
Arabidopsis thaliana,GCA_900234075.1,22868,0,0,0,0,0,0,0,0,0,0,0,0
Arabidopsis thaliana,GCA_000211275.1,11855703,1,1,1,1,1,0,0,0,0,0,5,1
Arabidopsis thaliana,GCA_000222385.1,10060,0,0,0,0,0,0,0,0,0,0,0,0
Arabidopsis thaliana,GCA_000222365.1,12660,0,0,0,0,0,0,0,0,0,0,0,0
Arabidopsis thaliana,GCA_000222325.1,13138,0,0,0,0,0,0,0,0,0,0,0,0
Arabidopsis thaliana,GCA_000222345.1,15346,0,0,0,0,0,0,0,0,0,0,0,0
Arabidopsis thaliana,GCA_001742845.1,185555,0,0,0,0,0,0,0,0,0,0,0,0
Arabidopsis thaliana,GCA_900243955.1,3101444,0,0,0,0,0,0,0,0,0,0,0,0
Arabidopsis thaliana,GCA_902705455.1,4802170,1,1,1,1,1,0,0,0,0,0,5,1
Arabidopsis thaliana,GCA_900243935.1,7583936,0,0,0,0,0,0,0,0,0,0,0,0
Arabidopsis thaliana,GCA_001753755.2,7363020,0,0,0,0,0,0,0,0,0,0,0,0
Arabidopsis thaliana,GCA_902651935.1,8166377,1,1,1,1,1,0,0,0,0,0,5,1
Arabidopsis thaliana,GCA_903064315.1,9295349,0,0,0,0,0,0,0,0,0,0,0,0
Arabidopsis thaliana,GCA_900243945.1,9344018,0,0,0,0,0,0,0,0,0,0,0,0
Arabidopsis thaliana,GCA_900303345.1,10736982,0,0,0,0,0,0,0,0,0,0,0,0
Arabidopsis thaliana,GCA_000835945.1,11163166,0,0,0,0,0,0,0,0,0,0,0,0
Arabidopsis thaliana,GCA_900303355.1,12334794,0,0,0,0,0,0,0,0,0,0,0,0
Arabidopsis thaliana,GCA_001651475.1,1193183,1,1,1,1,1,0,0,0,0,0,5,1
Arabidopsis thaliana,GCA_902460315.1,4757538,0,0,0,0,0,0,0,0,0,0,0,0
Arabidopsis thaliana,GCA_902460295.1,6996577,0,0,0,0,0,0,0,0,0,0,0,0
Arabidopsis thaliana,GCA_902460275.1,7363394,0,0,0,0,0,0,0,0,0,0,0,0
Arabidopsis thaliana,GCA_902460265.3,8166377,0,0,0,0,0,0,0,0,0,0,0,0
Arabidopsis thaliana,GCA_902460305.1,9149088,0,0,0,0,0,0,0,0,0,0,0,0
Arabidopsis thaliana,GCA_900660825.1,9412210,0,0,0,0,0,0,0,0,0,0,0,0
Arabidopsis thaliana,GCA_902460285.1,11168341,0,0,0,0,0,0,0,0,0,0,0,0
Arabidopsis thaliana,GCA_903064325.1,9023333,0,0,0,0,0,0,0,0,0,0,0,0
Arabidopsis thaliana,GCA_903064275.1,11237341,0,0,0,0,0,0,0,0,0,0,0,0
Arabidopsis thaliana,GCA_902825305.1,11359210,0,0,0,0,0,0,0,0,0,0,0,0
Arabidopsis thaliana,GCA_904420315.1,13971476,1,1,1,1,1,0,0,0,0,0,5,1
Arabidopsis thaliana,GCA_903064295.1,14125859,0,0,0,0,0,0,0,0,0,0,0,0
Arabidopsis thaliana,GCA_903064285.1,14141494,0,0,0,0,0,0,0,0,0,0,0,0
Arabidopsis thaliana,GCA_000001735.2,11194537,1,1,1,1,1,0,0,0,0,0,5,1
Arabis alpina,GCA_000612745.1,5934,0,0,0,0,0,0,0,0,0,0,0,0
Arabis alpina,GCA_014578035.1,11478,0,0,0,0,0,0,0,0,0,0,0,0
Arabis alpina,GCA_000733195.1,9916,1,1,1,1,1,0,0,0,0,0,5,1
Arabis alpina,GCA_900128785.1,895265,0,0,0,0,0,0,0,0,0,0,0,0
Arachis duranensis,GCA_001687015.1,20663,0,0,0,0,0,0,0,0,0,0,0,0
Arachis duranensis,GCA_000817695.3,24723,0,0,0,0,0,0,0,0,0,0,0,0
Arachis duranensis,GCA_014805325.1,1014563,0,0,0,0,0,0,0,0,0,0,0,0
Arachis hypogaea,GCA_004170445.1,213557,1,1,1,1,1,0,0,0,0,0,5,1
Arachis hypogaea,GCA_016103905.1,9813388,0,0,0,0,0,0,0,0,0,0,0,0
Arachis hypogaea,GCA_003713155.1,1310399,1,1,1,1,1,0,0,0,0,0,5,1
Arachis hypogaea,GCA_003086295.2,1498096,0,0,0,0,0,1,1,1,1,1,5,1
Arachis ipaensis,GCA_000816755.2,24488,0,0,0,0,0,1,1,1,1,1,5,1
Arachis monticola,GCA_003063285.2,140231,0,0,0,0,0,0,0,0,0,0,0,0
Argania spinosa,GCA_003260245.1,43178,0,0,0,0,0,0,0,0,0,0,0,0
Artemisia annua,GCA_003112345.1,20144,1,1,1,1,1,0,0,0,0,0,5,1
Artemisia annua,GCA_014162995.1,20135,0,0,0,0,0,0,0,0,0,0,0,0
Artocarpus camansi,GCA_002024485.1,2314,0,0,0,0,0,0,0,0,0,0,0,0
Asclepias syriaca,GCA_002018285.1,1505,0,0,0,0,0,0,0,0,0,0,0,0
Asparagus officinalis,GCA_001876935.1,46553,1,1,1,1,1,1,1,1,1,1,10,1
Asparagus setaceus,GCA_012295165.1,1367059,0,0,0,0,0,0,0,0,0,0,0,0
Atalantia buxifolia,GCA_002013935.1,45293,0,0,0,0,0,0,0,0,0,0,0,0
Auxenochlorella protothecoides,GCA_002154875.1,5798,0,0,0,0,0,0,0,0,0,0,0,0
Auxenochlorella protothecoides,GCA_003709365.1,27242,1,1,1,1,1,0,0,0,0,0,5,1
Auxenochlorella protothecoides,GCA_000733215.1,35091,1,1,1,1,1,1,1,1,1,1,10,1
Auxenochlorella pyrenoidosa,GCA_001430745.1,11732,0,0,0,0,0,0,0,0,0,0,0,0
Azadirachta indica,GCA_000439995.3,3491,0,0,0,0,0,0,0,0,0,0,0,0
Barbarea vulgaris,GCA_001920985.1,7939,0,0,0,0,0,0,0,0,0,0,0,0
Bathycoccus prasinos,GCA_002220235.1,663424,1,1,1,1,1,1,1,1,1,1,10,1
Begonia fuchsioides,GCA_003255005.1,54470,0,0,0,0,0,0,0,0,0,0,0,0
Benincasa hispida,GCA_012071895.1,98670,0,0,0,0,0,0,0,0,0,0,0,0
Benincasa hispida,GCA_009727055.1,144985,0,0,0,0,0,1,1,1,1,1,5,1
Beta patula,GCA_005862465.1,3939,0,0,0,0,0,0,0,0,0,0,0,0
Betula nana,GCA_000327005.1,4884,1,0,0,0,0,0,0,0,0,0,1,1
Betula pendula,GCA_900184695.1,49450,0,0,0,0,0,0,0,0,0,0,0,0
Boechera retrofracta,GCA_015832515.1,560024,0,0,0,0,0,0,0,0,0,0,0,0
Boehmeria nivea,GCA_002806895.1,5702,0,0,0,0,0,0,0,0,0,0,0,0
Boehmeria nivea,GCA_002937015.1,24523,0,0,0,0,0,0,0,0,0,0,0,0
Botryococcus braunii,GCA_002005505.1,163917,0,0,0,0,0,0,0,0,0,0,0,0
Brachypodium distachyon,GCA_001742125.1,10067,0,0,0,0,0,0,0,0,0,0,0,0
Brachypodium distachyon,GCA_002892295.1,12280,0,0,0,0,0,0,0,0,0,0,0,0
Brachypodium distachyon,GCA_002892335.1,13727,0,0,0,0,0,0,0,0,0,0,0,0
Brachypodium distachyon,GCA_000005505.4,21988513,1,1,1,1,1,0,0,0,0,0,5,1
Brassica juncea,GCA_015484525.1,5627203,0,0,0,0,0,0,0,0,0,0,0,0
Brassica napus,GCA_014170575.1,29165,0,0,0,0,0,0,0,0,0,0,0,0
Brassica napus,GCA_000751015.1,37901,1,1,1,1,1,0,0,0,0,0,5,1
Brassica napus,GCA_000686985.2,55410,0,0,0,0,0,1,1,1,1,1,5,1
Brassica nigra,GCA_001682895.1,38101,0,0,0,0,0,0,0,0,0,0,0,0
Brassica oleracea,GCA_900416815.2,9813309,0,0,0,0,0,0,0,0,0,0,0,0
Brassica rapa,GCA_003434825.1,17500,1,1,1,1,1,0,0,0,0,0,5,1
Brassica rapa,GCA_900412535.2,5519976,0,0,0,0,0,0,0,0,0,0,0,0
Brassica rapa,GCA_000309985.3,1386548,0,0,0,0,0,0,0,0,0,0,0,0
Cajanus cajan,GCA_000230855.2,5341,0,0,0,0,0,0,0,0,0,0,0,0
Cajanus cajan,GCA_015227855.1,22407,0,0,0,0,0,0,0,0,0,0,0,0
Cajanus cajan,GCA_000340665.1,22476,1,1,1,1,1,1,1,1,1,1,10,1
Calamus simplicifolius,GCA_900491605.1,136876,0,0,0,0,0,0,0,0,0,0,0,0
Camelina sativa,GCA_000496875.1,15644,0,0,0,0,0,0,0,0,0,0,0,0
Camelina sativa,GCA_000633955.1,32728,0,0,0,0,0,1,1,1,1,1,5,1
Camellia sinensis,GCA_013676235.1,2589771,1,1,1,1,1,0,0,0,0,0,5,1
Cannabis sativa,GCA_001509995.1,2189,0,0,0,0,0,0,0,0,0,0,0,0
Cannabis sativa,GCA_002090435.1,51819,0,0,0,0,0,0,0,0,0,0,0,0
Cannabis sativa,GCA_001865755.1,128718,0,0,0,0,0,0,0,0,0,0,0,0
Cannabis sativa,GCA_013030025.1,1668042,1,1,1,1,1,0,0,0,0,0,5,1
Cannabis sativa,GCA_012923435.1,3283100,1,1,1,1,1,0,0,0,0,0,5,1
Cannabis sativa,GCA_016415525.1,3491975,0,0,0,0,0,0,0,0,0,0,0,0
Cannabis sativa,GCA_003660325.2,2706441,0,0,0,0,0,0,0,0,0,0,0,0
Cannabis sativa,GCA_000230575.5,133904,0,0,0,0,0,0,0,0,0,0,0,0
Cannabis sativa,GCA_003417725.2,370471,0,0,0,0,0,0,0,0,0,0,0,0
Cannabis sativa,GCA_013030365.1,509999,0,0,0,0,0,0,0,0,0,0,0,0
Cannabis sativa,GCA_900626175.2,1959202,0,0,0,0,0,1,1,1,1,1,5,1
Capsella bursa-pastoris,GCA_001974645.1,12804,0,0,0,0,0,0,0,0,0,0,0,0
Capsella rubella,GCA_000375325.1,134357,1,1,1,1,1,1,1,1,1,1,10,1
Capsicum annuum,GCA_011745865.1,116080,1,1,1,1,1,0,0,0,0,0,5,1
Capsicum annuum,GCA_011745845.1,120344,1,1,1,1,1,0,0,0,0,0,5,1
Capsicum annuum,GCA_000512255.2,50844,1,1,1,1,1,0,0,0,0,0,5,1
Capsicum annuum,GCA_002878395.2,122785,0,0,0,0,0,0,0,0,0,0,0,0
Capsicum annuum,GCA_000710875.1,74708,0,0,0,0,0,1,1,1,1,1,5,1
Capsicum baccatum,GCA_002271885.2,57876,1,1,1,1,1,0,0,0,0,0,5,1
Capsicum chinense,GCA_002271895.2,103230,1,1,1,1,1,0,0,0,0,0,5,1
Cardamine resedifolia,GCA_014578085.1,7451,0,0,0,0,0,0,0,0,0,0,0,0
Carica papaya,GCA_001310045.1,80849,0,0,0,0,0,0,0,0,0,0,0,0
Carica papaya,GCA_000150535.1,10609,0,0,0,0,0,0,0,0,0,0,0,0
Carnegiea gigantea,GCA_002740515.1,18485,0,0,0,0,0,0,0,0,0,0,0,0
Carpinus fangiana,GCA_006937295.1,127053,1,1,1,1,1,0,0,0,0,0,5,1
Carya cathayensis,GCA_011037825.1,311384,0,0,0,0,0,0,0,0,0,0,0,0
Carya illinoinensis,GCA_011037805.1,80695,0,0,0,0,0,0,0,0,0,0,0,0
Castanea mollissima,GCA_000763605.2,96742,1,1,1,1,1,0,0,0,0,0,5,1
Castanea mollissima,GCA_014183005.1,2828629,0,0,0,0,0,0,0,0,0,0,0,0
Casuarina glauca,GCA_003255045.1,101670,0,0,0,0,0,0,0,0,0,0,0,0
Catharanthus roseus,GCA_001292565.1,5969,0,0,0,0,0,0,0,0,0,0,0,0
Catharanthus roseus,GCA_001292525.1,59670,0,0,0,0,0,0,0,0,0,0,0,0
Catharanthus roseus,GCA_000949345.1,14288,0,0,0,0,0,0,0,0,0,0,0,0
Cenchrus americanus,GCA_002174835.2,18656,0,0,0,0,0,0,0,0,0,0,0,0
Cephalotus follicularis,GCA_001972305.1,118750,1,1,1,1,1,0,0,0,0,0,5,1
Ceratopteris richardii,GCA_011386875.1,97182,0,0,0,0,0,0,0,0,0,0,0,0
Ceratopteris richardii,GCA_009866685.1,3227,0,0,0,0,0,0,0,0,0,0,0,0
Cercis canadensis,GCA_003255065.1,87734,0,0,0,0,0,0,0,0,0,0,0,0
Chamaecrista fasciculata,GCA_003254925.1,27842,0,0,0,0,0,0,0,0,0,0,0,0
Chara braunii,GCA_003427395.1,11762,1,1,1,1,1,0,0,0,0,0,5,1
Chenopodium pallidicaule,GCA_001687005.1,78512,0,0,0,0,0,0,0,0,0,0,0,0
Chenopodium quinoa,GCA_001742885.1,52853,0,0,0,0,0,0,0,0,0,0,0,0
Chenopodium quinoa,GCA_002732095.1,313798,0,0,0,0,0,0,0,0,0,0,0,0
Chenopodium quinoa,GCA_001683475.1,1787824,0,0,0,0,0,1,1,1,1,1,5,1
Chimonanthus salicifolius,GCA_013350335.1,2121821,0,0,0,0,0,0,0,0,0,0,0,0
Chlamydomonas eustigma,GCA_002335675.1,59700,1,1,1,1,1,0,0,0,0,0,5,1
Chlamydomonas reinhardtii,GCA_000002595.3,215409,1,1,1,1,1,0,0,0,0,0,5,1
Chlamydomonas reinhardtii,GCA_013389655.1,6779811,0,0,0,0,0,0,0,0,0,0,0,0
Chlamydomonas sp. ICE-L,GCA_013435795.1,221978,0,0,0,0,0,0,0,0,0,0,0,0
Chlorella sorokiniana,GCA_006782965.1,49395,0,0,0,0,0,0,0,0,0,0,0,0
Chlorella sorokiniana,GCA_006782985.1,129579,0,0,0,0,0,0,0,0,0,0,0,0
Chlorella sorokiniana,GCA_003116155.1,2025419,0,0,0,0,0,0,0,0,0,0,0,0
Chlorella sorokiniana,GCA_002939045.1,2415094,0,0,0,0,0,0,0,0,0,0,0,0
Chlorella sorokiniana,GCA_002245835.2,2592956,1,1,1,1,1,0,0,0,0,0,5,1
Chlorella sorokiniana,GCA_003130725.1,3818101,0,0,0,0,0,0,0,0,0,0,0,0
Chlorella variabilis,GCA_000147415.1,27941,1,1,1,1,1,1,1,1,1,1,10,1
Chlorella vulgaris,GCA_001021125.1,20333,0,0,0,0,0,0,0,0,0,0,0,0
Chlorella vulgaris,GCA_008119945.1,38801,0,0,0,0,0,0,0,0,0,0,0,0
Chlorella vulgaris,GCA_009720215.1,72113,0,0,0,0,0,0,0,0,0,0,0,0
Chlorella vulgaris,GCA_009720205.1,48348,0,0,0,0,0,0,0,0,0,0,0,0
Chlorokybus atmophyticus,GCA_009103225.1,43061,0,0,0,0,0,0,0,0,0,0,0,0
Chloropicon primus,GCA_007859695.1,-,1,1,1,1,1,0,0,0,0,0,5,1
Chondrus crispus,GCA_000350225.2,77748,1,1,1,1,1,0,0,0,0,0,5,1
Chrysanthemum seticuspe,GCA_004359105.1,7793,0,0,0,0,0,0,0,0,0,0,0,0
Cicer arietinum,GCA_002896005.2,215990,0,0,0,0,0,0,0,0,0,0,0,0
Cicer arietinum,GCA_000347275.4,21704,0,0,0,0,0,0,0,0,0,0,0,0
Cicer arietinum,GCA_006345785.1,2241,0,0,0,0,0,0,0,0,0,0,0,0
Cicer arietinum,GCA_006151565.1,2350,0,0,0,0,0,0,0,0,0,0,0,0
Cicer arietinum,GCA_000331145.1,34090,0,0,0,0,0,1,1,1,1,1,5,1
Cicer reticulatum,GCA_002896235.1,109263,0,0,0,0,0,0,0,0,0,0,0,0
Cicer reticulatum,GCA_003689015.2,28852,0,0,0,0,0,0,0,0,0,0,0,0
Citrullus lanatus,GCA_000238415.2,2312425,0,0,0,0,0,0,0,0,0,0,0,0
Citrullus lanatus,GCA_004801215.2,48885,0,0,0,0,0,0,0,0,0,0,0,0
Citrus clementina,GCA_000493195.1,109915,1,1,1,1,1,1,1,1,1,1,10,1
Citrus medica,GCA_002013955.2,70586,0,0,0,0,0,0,0,0,0,0,0,0
Citrus reticulata,GCA_003258625.1,97052,0,0,0,0,0,0,0,0,0,0,0,0
Citrus sinensis,GCA_000695605.1,6615,1,1,1,1,1,0,0,0,0,0,5,1
Citrus sinensis,GCA_000317415.1,49892,0,0,0,0,0,1,1,1,1,1,5,1
Citrus unshiu,GCA_001753815.1,3337,0,0,0,0,0,0,0,0,0,0,0,0
Citrus unshiu,GCA_002897195.1,25953,1,1,1,1,1,0,0,0,0,0,5,1
Cocos nucifera,GCA_003604295.1,10326,0,0,0,0,0,0,0,0,0,0,0,0
Cocos nucifera,GCA_006176705.1,163614,0,0,0,0,0,0,0,0,0,0,0,0
Cocos nucifera,GCA_008124465.1,76122,0,0,0,0,0,0,0,0,0,0,0,0
Coffea arabica,GCA_003713225.1,3917557,0,0,0,0,0,1,1,1,1,1,5,1
Coffea canephora,GCA_900059795.1,49589,1,1,1,1,1,0,0,0,0,0,5,1
Coix aquatica,GCA_009725075.1,2241760,0,0,0,0,0,0,0,0,0,0,0,0
Corchorus capsularis,GCA_001974805.1,46451,1,1,1,1,1,0,0,0,0,0,5,1
Corchorus olitorius,GCA_002141455.1,16573,0,0,0,0,0,0,0,0,0,0,0,0
Corchorus olitorius,GCA_001974825.1,44998,1,1,1,1,1,0,0,0,0,0,5,1
Corylus avellana,GCA_901000735.2,54239,0,0,0,0,0,0,0,0,0,0,0,0
Crucihimalaya himalaica,GCA_004349715.1,234238,0,0,0,0,0,0,0,0,0,0,0,0
Cucumis melo,GCA_902497455.1,693907,0,0,0,0,0,0,0,0,0,0,0,0
Cucumis melo,GCA_011762645.1,8252323,0,0,0,0,0,0,0,0,0,0,0,0
Cucumis melo,GCA_000313045.1,18072,0,0,0,0,0,1,1,1,1,1,5,1
Cucumis sativus,GCA_000224045.1,23200,0,0,0,0,0,1,0,0,1,0,2,1
Cucumis sativus,GCA_001483825.3,857970,0,0,0,0,0,0,0,0,0,0,0,0
Cucumis sativus,GCA_000004075.3,8937712,1,1,1,1,1,1,1,1,1,1,10,1
Cucurbita maxima,GCA_002738345.1,62207,0,0,0,0,0,1,1,1,1,1,5,1
Cucurbita moschata,GCA_002738365.1,48191,0,0,0,0,0,1,1,1,1,1,5,1
Cuscuta australis,GCA_003260385.1,3625894,1,1,1,1,1,0,0,0,0,0,5,1
Cuscuta campestris,GCA_900332095.1,48808,0,0,0,0,0,0,0,0,0,0,0,0
Cyanidiococcus yangmingshanensis,GCA_013995675.1,653084,1,1,1,1,1,0,0,0,0,0,5,1
Cyanidioschyzon merolae,GCA_010725195.1,17709,0,0,0,0,0,0,0,0,0,0,0,0
Cyanidioschyzon merolae,GCA_011170005.1,18169,1,1,1,1,1,0,0,0,0,0,5,1
Cyanidioschyzon merolae,GCA_006232315.1,567466,0,0,0,0,0,0,0,0,0,0,0,0
Cyanophora paradoxa,GCA_004431415.1,213946,0,0,0,0,0,0,0,0,0,0,0,0
Cymbomonas tetramitiformis,GCA_001247695.1,5748,0,0,0,0,0,0,0,0,0,0,0,0
Dactylis glomerata,GCA_002892645.1,1639,0,0,0,0,0,0,0,0,0,0,0,0
Dactylis glomerata,GCA_007115705.1,1238511,0,0,0,0,0,0,0,0,0,0,0,0
Datisca glomerata,GCA_003255025.1,314514,0,0,0,0,0,0,0,0,0,0,0,0
Dendrobium catenatum,GCA_001605985.2,51736,1,1,1,1,1,1,1,1,1,1,10,1
Dianthus caryophyllus,GCA_000512335.1,16727,0,0,0,0,0,0,0,0,0,0,0,0
Dichanthelium oligosanthes,GCA_001633215.2,12062,1,1,1,1,1,0,0,0,0,0,5,1
Digitaria exilis,GCA_015342445.1,1734059,1,1,1,1,1,0,0,0,0,0,5,1
Digitaria exilis,GCA_902806635.1,77753,0,0,0,0,0,0,0,0,0,0,0,0
Dioscorea dumetorum,GCA_902712375.1,3190870,0,0,0,0,0,0,0,0,0,0,0,0
Diospyros lotus,GCA_000774125.1,1864,0,0,0,0,0,0,0,0,0,0,0,0
Diospyros lotus,GCA_010721995.1,653513,0,0,0,0,0,0,0,0,0,0,0,0
Diospyros lotus,GCA_014633355.1,2985819,0,0,0,0,0,0,0,0,0,0,0,0
Diospyros lotus,GCA_014633365.1,2380091,0,0,0,0,0,0,0,0,0,0,0,0
Drosera capensis,GCA_001925005.1,54764,0,0,0,0,0,0,0,0,0,0,0,0
Dryas drummondii,GCA_003254865.1,91538,0,0,0,0,0,0,0,0,0,0,0,0
Dunaliella salina,GCA_002284615.2,7231,1,1,1,1,1,0,0,0,0,0,5,1
Durio zibethinus,GCA_002303985.1,549783,0,0,0,0,0,1,1,1,1,1,5,1
Echinochloa crus-galli,GCA_900205405.1,27089,0,0,0,0,0,0,0,0,0,0,0,0
Echinochloa crus-galli,GCA_015022175.1,2363233,0,0,0,0,0,0,0,0,0,0,0,0
Elaeis guineensis,GCA_002146295.1,707,0,0,0,0,0,0,0,0,0,0,0,0
Elaeis guineensis,GCA_001672495.1,1170,0,0,0,0,0,0,0,0,0,0,0,0
Elaeis guineensis,GCA_015461965.1,12352,0,0,0,0,0,0,0,0,0,0,0,0
Elaeis guineensis,GCA_000442705.1,9364,0,0,0,0,0,1,1,1,1,1,5,1
Eleusine indica,GCA_003369855.1,32494,0,0,0,0,0,0,0,0,0,0,0,0
Ensete ventricosum,GCA_000331365.3,11721,1,1,1,1,1,0,0,0,0,0,5,1
Ensete ventricosum,GCA_001884805.1,12314,1,1,1,1,1,0,0,0,0,0,5,1
Ensete ventricosum,GCA_001884845.1,15546,1,1,1,1,1,0,0,0,0,0,5,1
Ensete ventricosum,GCA_000818735.3,20944,1,1,1,1,1,0,0,0,0,0,5,1
Eragrostis curvula,GCA_007726485.1,342486,1,1,1,1,1,0,0,0,0,0,5,1
Eragrostis nindensis,GCA_012490785.1,520980,0,0,0,0,0,0,0,0,0,0,0,0
Eragrostis tef,GCA_000970635.1,7532,0,0,0,0,0,0,0,0,0,0,0,0
Erysimum cheiranthoides,GCA_011420285.1,1657946,0,0,0,0,0,0,0,0,0,0,0,0
Eucalyptus camaldulensis,GCA_000260855.1,4275,0,0,0,0,0,0,0,0,0,0,0,0
Eucalyptus camaldulensis,GCA_014182705.1,2481601,0,0,0,0,0,0,0,0,0,0,0,0
Eucalyptus grandis,GCA_000612305.1,67250,1,1,1,1,1,1,1,1,1,1,10,1
Eucalyptus pauciflora,GCA_007663325.1,2989104,0,0,0,0,0,0,0,0,0,0,0,0
Eutrema heterophyllum,GCA_002933915.1,78079,0,0,0,0,0,0,0,0,0,0,0,0
Eutrema salsugineum,GCA_000325905.2,31675,0,0,0,0,0,0,0,0,0,0,0,0
Eutrema salsugineum,GCA_000478725.1,222588,1,1,1,1,1,1,1,1,1,1,10,1
Eutrema yunnanense,GCA_002933935.1,35978,0,0,0,0,0,0,0,0,0,0,0,0
Fagopyrum esculentum,GCA_001661195.1,5203,0,0,0,0,0,0,0,0,0,0,0,0
Fagopyrum esculentum,GCA_004303065.2,54266,0,0,0,0,0,0,0,0,0,0,0,0
Fagopyrum tataricum,GCA_002928575.1,594471,0,0,0,0,0,0,0,0,0,0,0,0
Fagopyrum tataricum,GCA_002319775.1,550713,0,0,0,0,0,0,0,0,0,0,0,0
Fagus sylvatica,GCA_003347535.1,82946,0,0,0,0,0,0,0,0,0,0,0,0
Ficus carica,GCA_002002945.1,4568,0,0,0,0,0,0,0,0,0,0,0,0
Ficus carica,GCA_009761775.1,823517,0,0,0,0,0,0,0,0,0,0,0,0
Ficus erecta,GCA_008635985.1,697200,0,0,0,0,0,0,0,0,0,0,0,0
Forsythia suspensa,GCA_013103335.1,7333645,0,0,0,0,0,0,0,0,0,0,0,0
Fragaria nilgerrensis,GCA_010134655.1,9793045,0,0,0,0,0,0,0,0,0,0,0,0
Fraxinus excelsior,GCA_900149125.1,24932,0,0,0,0,0,0,0,0,0,0,0,0
Galdieria phlegrea,GCA_006232345.1,201071,0,0,0,0,0,0,0,0,0,0,0,0
Galdieria sulphuraria,GCA_001704855.1,134001,0,0,0,0,0,0,0,0,0,0,0,0
Galdieria sulphuraria,GCA_006232365.1,158217,0,0,0,0,0,0,0,0,0,0,0,0
Galdieria sulphuraria,GCA_006232395.1,162248,0,0,0,0,0,0,0,0,0,0,0,0
Galdieria sulphuraria,GCA_006232335.1,170797,0,0,0,0,0,0,0,0,0,0,0,0
Galdieria sulphuraria,GCA_006232515.1,172087,0,0,0,0,0,0,0,0,0,0,0,0
Galdieria sulphuraria,GCA_006232545.1,172878,0,0,0,0,0,0,0,0,0,0,0,0
Galdieria sulphuraria,GCA_006232405.1,186619,0,0,0,0,0,0,0,0,0,0,0,0
Galdieria sulphuraria,GCA_006232475.1,194602,0,0,0,0,0,0,0,0,0,0,0,0
Galdieria sulphuraria,GCA_006232505.1,189293,0,0,0,0,0,0,0,0,0,0,0,0
Galdieria sulphuraria,GCA_000341285.1,116786,1,1,1,1,1,1,1,1,1,1,10,1
Gardenia jasminoides,GCA_013103745.1,1028321,0,0,0,0,0,0,0,0,0,0,0,0
Genlisea aurea,GCA_000441915.1,5761,1,1,1,1,1,0,0,0,0,0,5,1
Glycine latifolia,GCA_013407115.1,53370,0,0,0,0,0,0,0,0,0,0,0,0
Glycine max,GCA_001269945.2,42937,0,0,0,0,0,0,0,0,0,0,0,0
Glycine max,GCA_002905335.2,37007,0,0,0,0,0,0,0,0,0,0,0,0
Glycine max,GCA_012273815.1,1396888,0,0,0,0,0,0,0,0,0,0,0,0
Glycine max,GCA_014282075.1,1412434,0,0,0,0,0,0,0,0,0,0,0,0
Glycine max,GCA_014282035.1,1745157,0,0,0,0,0,0,0,0,0,0,0,0
Glycine max,GCA_014282185.1,1889445,0,0,0,0,0,0,0,0,0,0,0,0
Glycine max,GCA_014282065.1,2925235,0,0,0,0,0,0,0,0,0,0,0,0
Glycine max,GCA_015227745.1,4078305,0,0,0,0,0,0,0,0,0,0,0,0
Glycine max,GCA_014282095.1,4270831,0,0,0,0,0,0,0,0,0,0,0,0
Glycine max,GCA_014282085.1,4652094,0,0,0,0,0,0,0,0,0,0,0,0
Glycine max,GCA_014282145.1,6163972,0,0,0,0,0,0,0,0,0,0,0,0
Glycine max,GCA_003349995.2,17978897,0,0,0,0,0,0,0,0,0,0,0,0
Glycine max,GCA_000004515.4,182839,1,1,1,1,1,0,0,0,0,0,5,1
Glycine soja,GCA_000722935.2,24258,1,1,1,1,1,0,0,0,0,0,5,1
Glycine soja,GCA_002907465.1,24130,0,0,0,0,0,0,0,0,0,0,0,0
Glycine soja,GCA_014282345.1,1550092,0,0,0,0,0,0,0,0,0,0,0,0
Glycine soja,GCA_004193775.2,3331191,1,1,1,1,1,0,0,0,0,0,5,1
Gonium pectorale,GCA_001584585.1,16298,1,1,1,1,1,0,0,0,0,0,5,1
Gossypioides kirkii,GCA_002818315.1,616880,0,0,0,0,0,0,0,0,0,0,0,0
Gossypioides kirkii,GCA_005610355.1,8700000,0,0,0,0,0,0,0,0,0,0,0,0
Gossypium arboreum,GCA_013265605.1,84784,0,0,0,0,0,0,0,0,0,0,0,0
Gossypium arboreum,GCA_000787975.1,8492,1,1,1,1,1,0,0,0,0,0,5,1
Gossypium arboreum,GCA_000612285.2,71965,0,0,0,0,0,0,0,0,0,0,0,0
Gossypium barbadense,GCA_002926015.1,108595,1,1,1,1,1,0,0,0,0,0,5,1
Gossypium barbadense,GCA_001856525.1,23890,0,0,0,0,0,0,0,0,0,0,0,0
Gossypium barbadense,GCA_002928715.1,54749,1,1,1,1,1,0,0,0,0,0,5,1
Gossypium barbadense,GCA_008761655.1,1769554,1,1,1,1,1,0,0,0,0,0,5,1
Gossypium darwinii,GCA_007990325.1,9070717,1,1,1,1,1,0,0,0,0,0,5,1
Gossypium hirsutum,GCA_002504345.1,55956,0,0,0,0,0,0,0,0,0,0,0,0
Gossypium hirsutum,GCA_006980775.1,1982520,0,0,0,0,0,0,0,0,0,0,0,0
Gossypium hirsutum,GCA_006980745.1,4760671,0,0,0,0,0,0,0,0,0,0,0,0
Gossypium hirsutum,GCA_000987745.1,78260,0,0,0,0,0,1,1,1,1,1,5,1
Gossypium longicalyx,GCA_010883175.1,28545589,0,0,0,0,0,0,0,0,0,0,0,0
Gossypium mustelinum,GCA_007990455.1,2312865,1,1,1,1,1,0,0,0,0,0,5,1
Gossypium raimondii,GCA_005931075.1,6291832,0,0,0,0,0,0,0,0,0,0,0,0
Gossypium raimondii,GCA_000331045.1,44853,0,0,0,0,0,0,0,0,0,0,0,0
Gossypium raimondii,GCA_013467475.1,1101,1,1,1,1,1,0,0,0,0,0,5,1
Gossypium raimondii,GCA_000327365.1,119799,1,1,1,1,1,1,1,1,1,1,10,1
Gossypium tomentosum,GCA_007990485.1,9994151,1,1,1,1,1,0,0,0,0,0,5,1
Gossypium turneri,GCA_008044935.1,7909293,0,0,0,0,0,0,0,0,0,0,0,0
Gracilariopsis chorda,GCA_003194525.1,220274,1,1,1,1,1,0,0,0,0,0,5,1
Gracilariopsis lemaneiformis,GCA_003346895.1,29144,0,0,0,0,0,0,0,0,0,0,0,0
Handroanthus impetiginosus,GCA_002762385.1,39622,1,1,1,1,1,0,0,0,0,0,5,1
Helianthus annuus,GCA_002127325.2,2005037,1,1,1,1,1,1,1,1,1,1,10,1
Hevea brasiliensis,GCA_000340545.1,1262,0,0,0,0,0,0,0,0,0,0,0,0
Hevea brasiliensis,GCA_001907995.1,18765,0,0,0,0,0,0,0,0,0,0,0,0
Hevea brasiliensis,GCA_002003025.1,50397,1,0,0,0,0,0,0,0,0,0,1,1
Hevea brasiliensis,GCA_010458925.1,152719,1,1,1,1,1,0,0,0,0,0,5,1
Hevea brasiliensis,GCA_001654055.1,60036,0,0,0,0,0,1,1,1,1,1,5,1
Hibiscus syriacus,GCA_001696755.1,61305,0,0,0,0,0,0,0,0,0,0,0,0
Hibiscus syriacus,GCA_006381635.2,2560905,1,1,1,1,1,0,0,0,0,0,5,1
Hordeum vulgare,GCA_000947855.1,239,0,0,0,0,0,0,0,0,0,0,0,0
Hordeum vulgare,GCA_900067815.1,244,0,0,0,0,0,0,0,0,0,0,0,0
Hordeum vulgare,GCA_900067825.1,246,0,0,0,0,0,0,0,0,0,0,0,0
Hordeum vulgare,GCA_900067785.1,248,0,0,0,0,0,0,0,0,0,0,0,0
Hordeum vulgare,GCA_900067805.1,249,0,0,0,0,0,0,0,0,0,0,0,0
Hordeum vulgare,GCA_900067795.1,251,0,0,0,0,0,0,0,0,0,0,0,0
Hordeum vulgare,GCA_900075435.2,21751,1,0,0,0,0,0,0,0,0,0,1,1
Hordeum vulgare,GCA_004114815.1,1562846,1,1,1,1,1,0,0,0,0,0,5,1
Hypericum perforatum,GCA_012979155.1,37536,0,0,0,0,0,0,0,0,0,0,0,0
Ipomoea batatas,GCA_900092185.1,480,0,0,0,0,0,0,0,0,0,0,0,0
Ipomoea batatas,GCA_002525835.2,6504,0,0,0,0,0,0,0,0,0,0,0,0
Ipomoea nil,GCA_001879475.1,1873359,1,1,1,1,1,1,1,1,1,1,10,1
Ipomoea trifida,GCA_000981105.1,2635,0,0,0,0,0,0,0,0,0,0,0,0
Ipomoea trifida,GCA_000978395.1,8993,0,0,0,0,0,0,0,0,0,0,0,0
Ipomoea trifida,GCA_004706985.1,59532,0,0,0,0,0,0,0,0,0,0,0,0
Ipomoea trifida,GCA_003576665.1,74315,0,0,0,0,0,0,0,0,0,0,0,0
Ipomoea triloba,GCA_003576645.1,74663,0,0,0,0,0,1,1,1,1,1,5,1
Jaltomata sinuosa,GCA_003996215.1,372489,0,0,0,0,0,0,0,0,0,0,0,0
Jatropha curcas,GCA_000208675.2,12173,0,0,0,0,0,0,0,0,0,0,0,0
Jatropha curcas,GCA_000696525.1,27183,1,1,1,1,1,1,1,1,1,1,10,1
Jatropha curcas,GCA_004143595.1,134284,0,0,0,0,0,0,0,0,0,0,0,0
Jatropha curcas,GCA_014843425.1,134284,0,0,0,0,0,1,1,1,1,1,5,1
Juglans cathayensis,GCA_003122765.1,34601,0,0,0,0,0,0,0,0,0,0,0,0
Juglans hindsii,GCA_003123825.1,35397,0,0,0,0,0,0,0,0,0,0,0,0
Juglans microcarpa,GCA_003123845.1,32209,0,0,0,0,0,0,0,0,0,0,0,0
Juglans nigra,GCA_002916485.1,50281,0,0,0,0,0,0,0,0,0,0,0,0
Juglans nigra,GCA_003123865.1,45989,0,0,0,0,0,0,0,0,0,0,0,0
Juglans regia,GCA_002916465.1,74005,0,0,0,0,0,0,0,0,0,0,0,0
Juglans regia,GCA_003122785.1,317751,0,0,0,0,0,0,0,0,0,0,0,0
Juglans regia,GCA_001411555.2,1066305,1,1,1,1,1,1,1,1,1,1,10,1
Juglans sigillata,GCA_003123805.1,39492,0,0,0,0,0,0,0,0,0,0,0,0
Kalanchoe fedtschenkoi,GCA_002312845.1,37149,0,0,0,0,0,0,0,0,0,0,0,0
Kingdonia uniflora,GCA_014058105.1,2099369,1,1,1,1,1,0,0,0,0,0,5,1
Lactuca sativa,GCA_000227445.1,2172,0,0,0,0,0,0,0,0,0,0,0,0
Lactuca sativa,GCA_900198505.1,16101,0,0,0,0,0,0,0,0,0,0,0,0
Lactuca sativa,GCA_900243165.1,16156,0,0,0,0,0,0,0,0,0,0,0,0
Lactuca sativa,GCA_002870075.2,28335,1,1,1,1,1,0,0,0,0,0,5,1
Lagenaria siceraria,GCA_000466325.1,537,0,0,0,0,0,0,0,0,0,0,0,0
Lagenaria siceraria,GCA_003268545.1,32789,0,0,0,0,0,0,0,0,0,0,0,0
Lagenaria siceraria,GCA_002890555.2,11208824,0,0,0,0,0,0,0,0,0,0,0,0
Leavenworthia alabamica,GCA_000411055.1,15066,0,0,0,0,0,0,0,0,0,0,0,0
Leersia perrieri,GCA_000325765.3,46324,0,0,0,0,0,0,0,0,0,0,0,0
Lindernia brevidens,GCA_004919715.1,3684939,0,0,0,0,0,0,0,0,0,0,0,0
Linum usitatissimum,GCA_010665275.1,226727,0,0,0,0,0,0,0,0,0,0,0,0
Linum usitatissimum,GCA_010665265.1,258485,0,0,0,0,0,0,0,0,0,0,0,0
Linum usitatissimum,GCA_014858635.1,349673,0,0,0,0,0,0,0,0,0,0,0,0
Linum usitatissimum,GCA_000224295.2,23035,0,0,0,0,0,0,0,0,0,0,0,0
Liriodendron chinense,GCA_003013855.2,2204006,0,0,0,0,0,0,0,0,0,0,0,0
Litsea cubeba,GCA_012931725.1,613688,0,0,0,0,0,0,0,0,0,0,0,0
Lolium perenne,GCA_001735685.1,965,0,0,0,0,0,0,0,0,0,0,0,0
Lotus japonicus,GCA_000181115.2,25054,0,0,0,0,0,0,0,0,0,0,0,0
Luffa acutangula,GCA_012295215.1,110403,0,0,0,0,0,0,0,0,0,0,0,0
Lupinus albus,GCA_009771035.1,8734267,1,1,1,1,1,0,0,0,0,0,5,1
Lupinus albus,GCA_010261695.1,1656916,1,1,1,1,1,0,0,0,0,0,5,1
Lupinus angustifolius,GCA_000338175.1,6485,0,0,0,0,0,0,0,0,0,0,0,0
Lupinus angustifolius,GCA_002285895.2,52993,0,0,0,0,0,0,0,0,0,0,0,0
Lupinus angustifolius,GCA_001865875.1,48365,1,1,1,1,1,1,1,1,1,1,10,1
Macadamia integrifolia,GCA_013358625.1,60651,0,0,0,0,0,0,0,0,0,0,0,0
Macleaya cordata,GCA_002174775.1,36130,1,1,1,1,1,0,0,0,0,0,5,1
Malus baccata,GCA_006547085.1,54716,1,1,1,1,1,0,0,0,0,0,5,1
Mangifera indica,GCA_011075055.1,3579047,0,0,0,0,0,0,0,0,0,0,0,0
Manihot esculenta,GCA_000737115.1,4833,0,0,0,0,0,0,0,0,0,0,0,0
Manihot esculenta,GCA_003957995.1,94900,0,0,0,0,0,0,0,0,0,0,0,0
Manihot esculenta,GCA_003957885.1,111748,0,0,0,0,0,0,0,0,0,0,0,0
Manihot esculenta,GCA_013618965.1,4575446,0,0,0,0,0,0,0,0,0,0,0,0
Manihot esculenta,GCA_001659605.1,26694,1,1,1,1,1,1,1,1,1,1,10,1
Marchantia inflexa,GCA_006177815.1,1653,0,0,0,0,0,0,0,0,0,0,0,0
Marchantia polymorpha,GCA_003032435.1,265855,1,1,1,1,1,0,0,0,0,0,5,1
Medicago truncatula,GCA_002251955.1,85713,0,0,0,0,0,0,0,0,0,0,0,0
Medicago truncatula,GCA_002251935.1,121511,0,0,0,0,0,0,0,0,0,0,0,0
Medicago truncatula,GCA_002251925.1,261359,0,0,0,0,0,0,0,0,0,0,0,0
Medicago truncatula,GCA_002024945.1,5925378,0,0,0,0,0,0,0,0,0,0,0,0
Medicago truncatula,GCA_003473485.2,23305320,1,1,1,1,1,0,0,0,0,0,5,1
Medicago truncatula,GCA_000219495.2,339060,1,1,1,1,1,1,0,1,1,0,8,1
Mentha longifolia,GCA_001642375.1,2761,0,0,0,0,0,0,0,0,0,0,0,0
Mesostigma viride,GCA_004000685.1,3263,0,0,0,0,0,0,0,0,0,0,0,0
Mesostigma viride,GCA_009103195.1,13708,0,0,0,0,0,0,0,0,0,0,0,0
Mesostigma viride,GCA_009746045.1,319906,0,0,0,0,0,0,0,0,0,0,0,0
Mesotaenium endlicherianum,GCA_009602735.1,19321,0,0,0,0,0,0,0,0,0,0,0,0
Messastrum gracile,GCA_008037345.1,2844,0,0,0,0,0,0,0,0,0,0,0,0
Mesua ferrea,GCA_904814375.1,55831,0,0,0,0,0,0,0,0,0,0,0,0
Micractinium conductrix,GCA_002245815.2,1210495,1,1,1,1,1,0,0,0,0,0,5,1
Micromonas commoda,GCA_000090985.2,-,1,1,1,1,1,1,1,1,1,1,10,1
Microthlaspi erraticum,GCA_902728155.2,323264,1,1,1,1,1,0,0,0,0,0,5,1
Mikania micrantha,GCA_009363875.1,1353263,1,1,1,1,1,0,0,0,0,0,5,1
Mimosa pudica,GCA_003254945.1,27447,0,0,0,0,0,0,0,0,0,0,0,0
Momordica charantia,GCA_900491585.1,25793,0,0,0,0,0,0,0,0,0,0,0,0
Momordica charantia,GCA_013281855.1,9902508,0,0,0,0,0,0,0,0,0,0,0,0
Momordica charantia,GCA_001995035.1,25086,0,0,0,0,0,1,1,1,1,1,5,1
Monoraphidium neglectum,GCA_000611645.1,9150,1,1,1,1,1,1,1,1,1,1,10,1
Morella rubra,GCA_003952965.2,192611,1,1,1,1,1,0,0,0,0,0,5,1
Moringa oleifera,GCA_009801145.1,2042,0,0,0,0,0,0,0,0,0,0,0,0
Morus notabilis,GCA_000414095.2,40438,1,1,1,1,1,0,0,0,0,0,5,1
Musa balbisiana,GCA_004837865.1,1964734,1,1,1,1,1,0,0,0,0,0,5,1
Musa itinerans,GCA_001649415.1,35438,0,0,0,0,0,0,0,0,0,0,0,0
Mychonastes homosphaera,GCA_009193075.1,2001712,0,0,0,0,0,0,0,0,0,0,0,0
Nelumbo nucifera,GCA_000805495.1,39837,0,0,0,0,0,0,0,0,0,0,0,0
Nelumbo nucifera,GCA_003033695.1,39837,0,0,0,0,0,0,0,0,0,0,0,0
Nelumbo nucifera,GCA_003033685.1,44440,0,0,0,0,0,0,0,0,0,0,0,0
Nelumbo nucifera,GCA_014319735.1,872679,0,0,0,0,0,0,0,0,0,0,0,0
Nelumbo nucifera,GCA_000365185.2,38900,1,1,1,1,1,0,0,0,0,0,5,1
Nicotiana attenuata,GCA_002018495.1,1153,0,0,0,0,0,0,0,0,0,0,0,0
Nicotiana attenuata,GCA_001879085.1,64201,1,1,1,1,1,1,1,1,1,1,10,1
Nicotiana benthamiana,GCA_000723945.1,776,0,0,0,0,0,0,0,0,0,0,0,0
Nicotiana knightiana,GCA_005239525.1,28120,0,0,0,0,0,0,0,0,0,0,0,0
Nicotiana obtusifolia,GCA_002018475.1,39219,0,0,0,0,0,0,0,0,0,0,0,0
Nicotiana paniculata,GCA_005239505.1,32292,0,0,0,0,0,0,0,0,0,0,0,0
Nicotiana rustica,GCA_005239535.1,14482,0,0,0,0,0,0,0,0,0,0,0,0
Nicotiana sylvestris,GCA_000393655.1,26744,0,0,0,0,0,1,1,1,1,1,5,1
Nicotiana tabacum,GCA_002210045.1,9081,0,0,0,0,0,0,0,0,0,0,0,0
Nicotiana tabacum,GCA_000715095.1,21713,0,0,0,0,0,0,0,0,0,0,0,0
Nicotiana tabacum,GCA_000715075.1,24673,0,0,0,0,0,0,0,0,0,0,0,0
Nicotiana tabacum,GCA_000715135.1,39411,0,0,0,0,0,1,1,1,1,1,5,1
Nicotiana tomentosiformis,GCA_000390325.2,34051,0,0,0,0,0,1,1,1,1,1,5,1
Nicotiana undulata,GCA_005239495.1,28381,0,0,0,0,0,0,0,0,0,0,0,0
Nissolia schottii,GCA_003254905.1,38598,0,0,0,0,0,0,0,0,0,0,0,0
Nymphaea colorata,GCA_902499525.1,2079871,0,0,0,0,0,0,0,0,0,0,0,0
Nymphaea colorata,GCA_008831285.1,2136418,0,0,0,0,0,1,1,1,1,1,5,1
Nymphaea thermarum,GCA_011799765.1,101860,1,1,1,1,1,0,0,0,0,0,5,1
Nyssa sinensis,GCA_008638375.1,3599157,1,1,1,1,1,0,0,0,0,0,5,1
Ochetophila trinervis,GCA_003254975.1,70118,0,0,0,0,0,0,0,0,0,0,0,0
Oropetium thomaeum,GCA_001182835.1,2386382,0,0,0,0,0,0,0,0,0,0,0,0
Oryza barthii,GCA_003020155.1,6677,0,0,0,0,0,0,0,0,0,0,0,0
Oryza barthii,GCA_002926235.1,7930,0,0,0,0,0,0,0,0,0,0,0,0
Oryza barthii,GCA_002926215.1,9275,0,0,0,0,0,0,0,0,0,0,0,0
Oryza barthii,GCA_000182155.3,18926,0,0,0,0,0,0,0,0,0,0,0,0
Oryza brachyantha,GCA_000710545.1,11798,0,0,0,0,0,0,0,0,0,0,0,0
Oryza brachyantha,GCA_000231095.2,20448,0,0,0,0,0,0,0,0,0,0,0,0
Oryza coarctata,GCA_009761635.1,234279,0,0,0,0,0,0,0,0,0,0,0,0
Oryza glaberrima,GCA_000147395.2,22955,0,0,0,0,0,0,0,0,0,0,0,0
Oryza longistaminata,GCA_000789195.1,4894,0,0,0,0,0,0,0,0,0,0,0,0
Oryza longistaminata,GCA_001514335.2,39115,0,0,0,0,0,0,0,0,0,0,0,0
Oryza longistaminata,GCA_009805545.1,45317,0,0,0,0,0,0,0,0,0,0,0,0
Oryza meridionalis,GCA_001551795.1,159640,0,0,0,0,0,0,0,0,0,0,0,0
Oryza meridionalis,GCA_000338895.2,9149,0,0,0,0,0,0,0,0,0,0,0,0
Oryza nivara,GCA_000710535.2,7372,0,0,0,0,0,0,0,0,0,0,0,0
Oryza nivara,GCA_006942195.1,10214975,0,0,0,0,0,0,0,0,0,0,0,0
Oryza nivara,GCA_000576065.1,37688,0,0,0,0,0,0,0,0,0,0,0,0
Oryza officinalis,GCA_000717455.1,71011,0,0,0,0,0,0,0,0,0,0,0,0
Oryza officinalis,GCA_008326285.1,367595,0,0,0,0,0,0,0,0,0,0,0,0
Oryza punctata,GCA_000710525.1,73397,0,0,0,0,0,0,0,0,0,0,0,0
Oryza punctata,GCA_000573905.1,43035,0,0,0,0,0,0,0,0,0,0,0,0
Oryza rufipogon,GCA_000700045.1,8084,0,0,0,0,0,0,0,0,0,0,0,0
Oryza rufipogon,GCA_900609665.1,5157,0,0,0,0,0,0,0,0,0,0,0,0
Oryza rufipogon,GCA_900609115.1,7242,0,0,0,0,0,0,0,0,0,0,0,0
Oryza rufipogon,GCA_900609425.1,7578,0,0,0,0,0,0,0,0,0,0,0,0
Oryza rufipogon,GCA_900609485.1,8763,0,0,0,0,0,0,0,0,0,0,0,0
Oryza rufipogon,GCA_900609315.1,8943,0,0,0,0,0,0,0,0,0,0,0,0
Oryza rufipogon,GCA_900609095.1,8989,0,0,0,0,0,0,0,0,0,0,0,0
Oryza rufipogon,GCA_900609275.1,10115,0,0,0,0,0,0,0,0,0,0,0,0
Oryza rufipogon,GCA_900609085.1,12923,0,0,0,0,0,0,0,0,0,0,0,0
Oryza rufipogon,GCA_900609515.1,13041,0,0,0,0,0,0,0,0,0,0,0,0
Oryza rufipogon,GCA_900609255.1,15809,0,0,0,0,0,0,0,0,0,0,0,0
Oryza rufipogon,GCA_900609465.1,16176,0,0,0,0,0,0,0,0,0,0,0,0
Oryza rufipogon,GCA_900609225.1,16176,0,0,0,0,0,0,0,0,0,0,0,0
Oryza rufipogon,GCA_900609405.1,16477,0,0,0,0,0,0,0,0,0,0,0,0
Oryza rufipogon,GCA_900609245.1,16481,0,0,0,0,0,0,0,0,0,0,0,0
Oryza rufipogon,GCA_900609265.1,16668,0,0,0,0,0,0,0,0,0,0,0,0
Oryza rufipogon,GCA_900609625.1,16828,0,0,0,0,0,0,0,0,0,0,0,0
Oryza rufipogon,GCA_900609305.1,16882,0,0,0,0,0,0,0,0,0,0,0,0
Oryza rufipogon,GCA_900609495.1,17449,0,0,0,0,0,0,0,0,0,0,0,0
Oryza rufipogon,GCA_900609135.1,17698,0,0,0,0,0,0,0,0,0,0,0,0
Oryza rufipogon,GCA_900609505.1,17722,0,0,0,0,0,0,0,0,0,0,0,0
Oryza rufipogon,GCA_900609615.1,17943,0,0,0,0,0,0,0,0,0,0,0,0
Oryza rufipogon,GCA_900609105.1,19097,0,0,0,0,0,0,0,0,0,0,0,0
Oryza rufipogon,GCA_900609525.1,19117,0,0,0,0,0,0,0,0,0,0,0,0
Oryza rufipogon,GCA_900609185.1,19562,0,0,0,0,0,0,0,0,0,0,0,0
Oryza rufipogon,GCA_900609545.1,19745,0,0,0,0,0,0,0,0,0,0,0,0
Oryza rufipogon,GCA_900609295.1,20076,0,0,0,0,0,0,0,0,0,0,0,0
Oryza rufipogon,GCA_900609555.1,20134,0,0,0,0,0,0,0,0,0,0,0,0
Oryza rufipogon,GCA_900609585.1,20440,0,0,0,0,0,0,0,0,0,0,0,0
Oryza rufipogon,GCA_900609395.1,20802,0,0,0,0,0,0,0,0,0,0,0,0
Oryza rufipogon,GCA_900609215.1,20870,0,0,0,0,0,0,0,0,0,0,0,0
Oryza rufipogon,GCA_900609475.1,21365,0,0,0,0,0,0,0,0,0,0,0,0
Oryza rufipogon,GCA_900609125.1,21495,0,0,0,0,0,0,0,0,0,0,0,0
Oryza rufipogon,GCA_900609575.1,21729,0,0,0,0,0,0,0,0,0,0,0,0
Oryza rufipogon,GCA_900609415.1,21729,0,0,0,0,0,0,0,0,0,0,0,0
Oryza rufipogon,GCA_900609355.1,21729,0,0,0,0,0,0,0,0,0,0,0,0
Oryza rufipogon,GCA_900609325.1,21729,0,0,0,0,0,0,0,0,0,0,0,0
Oryza rufipogon,GCA_900609165.1,21729,0,0,0,0,0,0,0,0,0,0,0,0
Oryza rufipogon,GCA_900609285.1,23441,0,0,0,0,0,0,0,0,0,0,0,0
Oryza rufipogon,GCA_900609645.1,23602,0,0,0,0,0,0,0,0,0,0,0,0
Oryza rufipogon,GCA_900609595.1,24392,0,0,0,0,0,0,0,0,0,0,0,0
Oryza rufipogon,GCA_900609445.1,26011,0,0,0,0,0,0,0,0,0,0,0,0
Oryza rufipogon,GCA_900609535.1,27094,0,0,0,0,0,0,0,0,0,0,0,0
Oryza rufipogon,GCA_900609205.1,27203,0,0,0,0,0,0,0,0,0,0,0,0
Oryza rufipogon,GCA_900609145.1,27207,0,0,0,0,0,0,0,0,0,0,0,0
Oryza rufipogon,GCA_900609455.1,27264,0,0,0,0,0,0,0,0,0,0,0,0
Oryza rufipogon,GCA_900609565.1,28255,0,0,0,0,0,0,0,0,0,0,0,0
Oryza rufipogon,GCA_900609335.1,28403,0,0,0,0,0,0,0,0,0,0,0,0
Oryza rufipogon,GCA_900609635.1,29694,0,0,0,0,0,0,0,0,0,0,0,0
Oryza rufipogon,GCA_900609375.1,30597,0,0,0,0,0,0,0,0,0,0,0,0
Oryza rufipogon,GCA_900609195.1,30597,0,0,0,0,0,0,0,0,0,0,0,0
Oryza rufipogon,GCA_900609155.1,30597,0,0,0,0,0,0,0,0,0,0,0,0
Oryza rufipogon,GCA_900609605.1,30692,0,0,0,0,0,0,0,0,0,0,0,0
Oryza rufipogon,GCA_900609385.1,31292,0,0,0,0,0,0,0,0,0,0,0,0
Oryza rufipogon,GCA_900609435.1,31346,0,0,0,0,0,0,0,0,0,0,0,0
Oryza rufipogon,GCA_900609235.1,32411,0,0,0,0,0,0,0,0,0,0,0,0
Oryza rufipogon,GCA_900609345.1,33781,0,0,0,0,0,0,0,0,0,0,0,0
Oryza rufipogon,GCA_900609365.1,36650,0,0,0,0,0,0,0,0,0,0,0,0
Oryza rufipogon,GCA_900609175.1,36650,0,0,0,0,0,0,0,0,0,0,0,0
Oryza rufipogon,GCA_900609075.1,39635,0,0,0,0,0,0,0,0,0,0,0,0
Oryza rufipogon,GCA_001551805.1,219409,0,0,0,0,0,0,0,0,0,0,0,0
Oryza rufipogon,GCA_000817225.1,34232,0,0,0,0,0,0,0,0,0,0,0,0
Oryza sativa,GCA_900609795.1,10759,0,0,0,0,0,0,0,0,0,0,0,0
Oryza sativa,GCA_900609785.1,12223,0,0,0,0,0,0,0,0,0,0,0,0
Oryza sativa,GCA_900609815.1,15477,0,0,0,0,0,0,0,0,0,0,0,0
Oryza sativa,GCA_900609935.1,17883,0,0,0,0,0,0,0,0,0,0,0,0
Oryza sativa,GCA_900609675.1,18472,0,0,0,0,0,0,0,0,0,0,0,0
Oryza sativa,GCA_900609805.1,19238,0,0,0,0,0,0,0,0,0,0,0,0
Oryza sativa,GCA_900609725.1,19875,0,0,0,0,0,0,0,0,0,0,0,0
Oryza sativa,GCA_900609825.1,21729,0,0,0,0,0,0,0,0,0,0,0,0
Oryza sativa,GCA_900609775.1,21729,0,0,0,0,0,0,0,0,0,0,0,0
Oryza sativa,GCA_900609695.1,21729,0,0,0,0,0,0,0,0,0,0,0,0
Oryza sativa,GCA_900609925.1,23645,0,0,0,0,0,0,0,0,0,0,0,0
Oryza sativa,GCA_900609685.1,23645,0,0,0,0,0,0,0,0,0,0,0,0
Oryza sativa,GCA_900609845.1,23934,0,0,0,0,0,0,0,0,0,0,0,0
Oryza sativa,GCA_900609865.1,24067,0,0,0,0,0,0,0,0,0,0,0,0
Oryza sativa,GCA_900609905.1,25680,0,0,0,0,0,0,0,0,0,0,0,0
Oryza sativa,GCA_900610895.1,30203,0,0,0,0,0,0,0,0,0,0,0,0
Oryza sativa,GCA_900609885.1,30203,0,0,0,0,0,0,0,0,0,0,0,0
Oryza sativa,GCA_900609955.1,30597,0,0,0,0,0,0,0,0,0,0,0,0
Oryza sativa,GCA_900609915.1,30597,0,0,0,0,0,0,0,0,0,0,0,0
Oryza sativa,GCA_900609735.1,30597,0,0,0,0,0,0,0,0,0,0,0,0
Oryza sativa,GCA_900609715.1,30597,0,0,0,0,0,0,0,0,0,0,0,0
Oryza sativa,GCA_900609655.1,30597,0,0,0,0,0,0,0,0,0,0,0,0
Oryza sativa,GCA_900609835.1,30876,0,0,0,0,0,0,0,0,0,0,0,0
Oryza sativa,GCA_900609705.1,35038,0,0,0,0,0,0,0,0,0,0,0,0
Oryza sativa,GCA_900609895.1,35098,0,0,0,0,0,0,0,0,0,0,0,0
Oryza sativa,GCA_900609765.1,35098,0,0,0,0,0,0,0,0,0,0,0,0
Oryza sativa,GCA_900609855.1,35157,0,0,0,0,0,0,0,0,0,0,0,0
Oryza sativa,GCA_900609745.1,35157,0,0,0,0,0,0,0,0,0,0,0,0
Oryza sativa,GCA_900609945.1,39351,0,0,0,0,0,0,0,0,0,0,0,0
Oryza sativa,GCA_900610885.1,43758,0,0,0,0,0,0,0,0,0,0,0,0
Oryza sativa,GCA_900609755.1,59657,0,0,0,0,0,0,0,0,0,0,0,0
Oryza sativa,GCA_900609875.1,89120,0,0,0,0,0,0,0,0,0,0,0,0
Oryza sativa,GCA_001648745.1,5404,0,0,0,0,0,0,0,0,0,0,0,0
Oryza sativa,GCA_001648735.1,6596,0,0,0,0,0,0,0,0,0,0,0,0
Oryza sativa,GCA_004348155.2,927705,0,0,0,0,0,0,0,0,0,0,0,0
Oryza sativa,GCA_004007595.1,1630364,1,1,1,1,1,0,0,0,0,0,5,1
Oryza sativa,GCA_009829725.1,6440059,0,0,0,0,0,0,0,0,0,0,0,0
Oryza sativa,GCA_009914875.1,7352909,0,0,0,0,0,0,0,0,0,0,0,0
Oryza sativa,GCA_003865215.1,9639809,0,0,0,0,0,0,0,0,0,0,0,0
Oryza sativa,GCA_014636015.1,17256392,0,0,0,0,0,0,0,0,0,0,0,0
Oryza sativa,GCA_009829375.1,29704550,0,0,0,0,0,0,0,0,0,0,0,0
Oryza sativa,GCA_014636035.1,32367127,0,0,0,0,0,0,0,0,0,0,0,0
Ostreococcus tauri,GCA_002158475.1,572890,1,1,1,1,1,0,0,0,0,0,5,1
Ostreococcus tauri,GCA_000214015.2,48024,1,1,1,1,1,0,0,0,0,0,5,1
Panax notoginseng,GCA_014296215.1,145000,0,0,0,0,0,0,0,0,0,0,0,0
Panicum hallii,GCA_002211085.2,1111465,1,1,1,1,1,0,0,0,0,0,5,1
Panicum miliaceum,GCA_003046395.2,368640,1,1,1,1,1,0,0,0,0,0,5,1
Panicum miliaceum,GCA_002895445.2,2552491,0,0,0,0,0,0,0,0,0,0,0,0
Papaver somniferum,GCA_010119955.1,2739586,0,0,0,0,0,0,0,0,0,0,0,0
Papaver somniferum,GCA_010119995.1,1838815,0,0,0,0,0,0,0,0,0,0,0,0
Papaver somniferum,GCA_003573695.1,1773300,1,1,1,1,1,1,1,1,1,1,10,1
Parachlorella kessleri,GCA_001598975.1,33885,0,0,0,0,0,0,0,0,0,0,0,0
Parachlorella kessleri,GCA_015712045.1,463012,0,0,0,0,0,0,0,0,0,0,0,0
Parasponia andersonii,GCA_002914805.1,48336,1,1,1,1,1,0,0,0,0,0,5,1
Passiflora edulis,GCA_002156105.1,1303,0,0,0,0,0,0,0,0,0,0,0,0
Persea americana,GCA_002908915.1,205885,0,0,0,0,0,0,0,0,0,0,0,0
Persea americana,GCA_008087245.1,296371,0,0,0,0,0,0,0,0,0,0,0,0
Phalaenopsis aphrodite,GCA_003013225.1,23319,0,0,0,0,0,0,0,0,0,0,0,0
Phalaenopsis equestris,GCA_010211805.1,486,0,0,0,0,0,0,0,0,0,0,0,0
Phalaenopsis equestris,GCA_001263595.1,21144,0,0,0,0,0,1,1,1,1,1,5,1
Phaseolus vulgaris,GCA_001517995.1,10795,0,0,0,0,0,0,0,0,0,0,0,0
Phaseolus vulgaris,GCA_015708805.1,38870,0,0,0,0,0,0,0,0,0,0,0,0
Phaseolus vulgaris,GCA_000499845.1,39053,1,1,1,1,1,1,1,1,1,1,10,1
Phoenix dactylifera,GCA_007821505.1,1255,0,0,0,0,0,0,0,0,0,0,0,0
Phoenix dactylifera,GCA_000181215.3,114381,0,0,0,0,0,0,0,0,0,0,0,0
Phoenix dactylifera,GCA_009389715.1,897195,0,0,0,0,0,0,0,0,0,0,0,0
Phoenix dactylifera,GCA_000413155.1,10909,0,0,0,0,0,1,1,1,1,1,5,1
Phtheirospermum japonicum,GCA_014905375.1,30961,1,1,1,1,1,0,0,0,0,0,5,1
Phyllostachys edulis,GCA_011038535.1,88769,0,0,0,0,0,0,0,0,0,0,0,0
Picea abies,GCA_900067695.1,2966,0,0,0,0,0,0,0,0,0,0,0,0
Picochlorum costavermella,GCA_011316045.1,691049,0,0,0,0,0,0,0,0,0,0,0,0
Pinus lambertiana,GCA_001447015.2,7947,0,0,0,0,0,0,0,0,0,0,0,0
Pinus taeda,GCA_000404065.3,28106,0,0,0,0,0,0,0,0,0,0,0,0
Pistacia vera,GCA_008641045.1,714252,0,0,0,0,0,1,1,1,1,1,5,1
Pisum sativum,GCA_003013575.1,4601,0,0,0,0,0,0,0,0,0,0,0,0
Pisum sativum,GCA_014905515.1,51222,0,0,0,0,0,0,0,0,0,0,0,0
Platycodon grandiflorus,GCA_004681165.1,58279,0,0,0,0,0,0,0,0,0,0,0,0
Pleurozium schreberi,GCA_006891605.1,154439,0,0,0,0,0,0,0,0,0,0,0,0
Pogostemon cablin,GCA_003675935.1,34817,0,0,0,0,0,0,0,0,0,0,0,0
Populus alba,GCA_005239225.1,1175985,1,1,1,1,1,1,1,1,1,1,10,1
Populus euphratica,GCA_000495115.1,40472,0,0,0,0,0,1,1,1,1,1,5,1
Populus ilicifolia,GCA_015708895.1,130809,0,0,0,0,0,0,0,0,0,0,0,0
Populus trichocarpa,GCA_000002775.3,552806,1,1,1,1,1,0,0,0,0,0,5,1
Porphyra umbilicalis,GCA_002049455.2,171716,1,1,1,1,1,0,0,0,0,0,5,1
Porphyridium purpureum,GCA_000397085.1,20534,0,0,0,0,0,0,0,0,0,0,0,0
Porphyridium purpureum,GCA_008690995.1,1853716,1,1,1,1,1,0,0,0,0,0,5,1
Primula veris,GCA_000788445.1,13157,0,0,0,0,0,0,0,0,0,0,0,0
Primula vulgaris,GCA_001403715.1,16250,0,0,0,0,0,0,0,0,0,0,0,0
Primula vulgaris,GCA_001077355.1,16250,0,0,0,0,0,0,0,0,0,0,0,0
Prunus avium,GCA_012349055.1,76038,0,0,0,0,0,0,0,0,0,0,0,0
Prunus avium,GCA_003946875.1,409488,0,0,0,0,0,0,0,0,0,0,0,0
Prunus avium,GCA_013416215.1,21031,0,0,0,0,0,0,0,0,0,0,0,0
Prunus avium,GCA_014155035.1,3247195,0,0,0,0,0,0,0,0,0,0,0,0
Prunus avium,GCA_002207925.1,28779,0,0,0,0,0,1,1,1,1,1,5,1
Prunus dulcis,GCA_008632915.2,82269,1,1,1,1,1,0,0,0,0,0,5,1
Prunus dulcis,GCA_902201215.1,115182,1,1,1,1,1,1,1,1,1,1,10,1
Prunus mume,GCA_000346735.1,32259,0,0,0,0,0,1,1,1,1,1,5,1
Prunus persica,GCA_000218195.1,16112,0,0,0,0,0,0,0,0,0,0,0,0
Prunus persica,GCA_000218215.1,22307,0,0,0,0,0,0,0,0,0,0,0,0
Prunus persica,GCA_000218175.1,27419,0,0,0,0,0,0,0,0,0,0,0,0
Prunus persica,GCA_015730445.1,11482534,0,0,0,0,0,0,0,0,0,0,0,0
Prunus persica,GCA_000346465.2,255416,1,1,1,1,1,1,1,1,1,1,10,1
Prunus salicina,GCA_014863905.1,1777944,0,0,0,0,0,0,0,0,0,0,0,0
Prunus yedoensis,GCA_005406145.1,918183,0,0,0,0,0,0,0,0,0,0,0,0
Pseudotsuga menziesii,GCA_001517045.1,67133,0,0,0,0,0,0,0,0,0,0,0,0
Psidium guajava,GCA_002914565.1,129242,0,0,0,0,0,0,0,0,0,0,0,0
Pterocarya stenoptera,GCA_003123785.1,37442,0,0,0,0,0,0,0,0,0,0,0,0
Puccinellia tenuiflora,GCA_012064385.1,265975,0,0,0,0,0,0,0,0,0,0,0,0
Punica granatum,GCA_002837095.1,3499,1,1,1,1,1,0,0,0,0,0,5,1
Punica granatum,GCA_002201585.1,82310,1,1,1,1,1,0,0,0,0,0,5,1
Punica granatum,GCA_002864125.1,179834,0,0,0,0,0,0,0,0,0,0,0,0
Punica granatum,GCA_007655135.2,4489929,0,0,0,0,0,0,0,0,0,0,0,0
Pyropia yezoensis,GCA_009829735.1,202496,0,0,0,0,0,0,0,0,0,0,0,0
Pyrus betulifolia,GCA_007844245.1,1571511,0,0,0,0,0,0,0,0,0,0,0,0
Quercus lobata,GCA_001633185.3,490506,0,0,0,0,0,0,0,0,0,0,0,0
Quercus robur,GCA_003013145.1,4240,0,0,0,0,0,0,0,0,0,0,0,0
Quercus robur,GCA_900291515.1,69349,0,0,0,0,0,0,0,0,0,0,0,0
Quercus suber,GCA_002906115.1,80917,1,0,1,1,1,1,1,1,1,1,9,1
Raphanus sativus,GCA_010725405.1,506861,0,0,0,0,0,0,0,0,0,0,0,0
Raphanus sativus,GCA_001047155.1,7116,0,0,0,0,0,0,0,0,0,0,0,0
Raphanus sativus,GCA_000715565.1,13697,0,0,0,0,0,0,0,0,0,0,0,0
Raphanus sativus,GCA_002197605.1,41710,0,0,0,0,0,0,0,0,0,0,0,0
Raphanus sativus,GCA_902824885.1,8847209,0,0,0,0,0,0,0,0,0,0,0,0
Raphanus sativus,GCA_000801105.2,19861,0,0,0,0,0,0,0,0,0,0,0,0
Raphidocelis subcapitata,GCA_003203535.1,91765,1,1,1,1,1,0,0,0,0,0,5,1
Rhazya stricta,GCA_001752375.1,86911,0,0,0,0,0,0,0,0,0,0,0,0
Rhizophora apiculata,GCA_900004065.1,11866,0,0,0,0,0,0,0,0,0,0,0,0
Rhizophora apiculata,GCA_900174605.1,4319773,0,0,0,0,0,0,0,0,0,0,0,0
Rhododendron simsii,GCA_014282245.1,2274689,1,1,1,1,1,0,0,0,0,0,5,1
Rhododendron williamsianum,GCA_009746105.1,14262,1,1,1,1,1,0,0,0,0,0,5,1
Ricinus communis,GCA_000151685.2,21409,1,1,1,1,1,0,0,0,0,0,5,1
Rosa chinensis,GCA_002994745.2,22201688,1,1,1,1,1,0,0,0,0,0,5,1
Rosa multiflora,GCA_002564525.1,16875,0,0,0,0,0,0,0,0,0,0,0,0
Saccharum spontaneum,GCA_900500655.1,89080,0,0,0,0,0,0,0,0,0,0,0,0
Saccharum spontaneum,GCA_003544955.1,44970,0,0,0,0,0,0,0,0,0,0,0,0
Salix brachista,GCA_009078335.1,9522514,1,1,1,1,1,0,0,0,0,0,5,1
Salvia miltiorrhiza,GCA_016432925.1,498481,0,0,0,0,0,0,0,0,0,0,0,0
Salvia splendens,GCA_004379255.1,2340816,1,1,1,1,1,0,0,0,0,0,5,1
Santalum album,GCA_009801155.1,7958,0,0,0,0,0,0,0,0,0,0,0,0
Santalum album,GCA_002925775.1,25151,0,0,0,0,0,0,0,0,0,0,0,0
Santalum album,GCA_002911635.1,4363285,0,0,0,0,0,0,0,0,0,0,0,0
Scenedesmus quadricauda,GCA_002317545.1,8094,0,0,0,0,0,0,0,0,0,0,0,0
Scutellaria baicalensis,GCA_005771605.1,880642,0,0,0,0,0,0,0,0,0,0,0,0
Secale cereale,GCA_900079665.1,1474,0,0,0,0,0,0,0,0,0,0,0,0
Secale cereale,GCA_900002355.1,1474,0,0,0,0,0,0,0,0,0,0,0,0
Secale cereale,GCA_016097815.1,441499,0,0,0,0,0,0,0,0,0,0,0,0
Sedum album,GCA_006409495.1,93122,0,0,0,0,0,0,0,0,0,0,0,0
Selaginella moellendorffii,GCA_000143415.2,119796,1,1,1,1,1,0,0,0,0,0,5,1
Selaginella tamariscina,GCA_003024785.1,228918,0,0,0,0,0,0,0,0,0,0,0,0
Senna tora,GCA_014851425.1,3966958,1,1,1,1,1,0,0,0,0,0,5,1
Sequoiadendron giganteum,GCA_007115665.2,318087,0,0,0,0,0,0,0,0,0,0,0,0
Sesamum indicum,GCA_000975565.1,11517,0,0,0,0,0,0,0,0,0,0,0,0
Sesamum indicum,GCA_003268515.1,16911,0,0,0,0,0,0,0,0,0,0,0,0
Sesamum indicum,GCA_001692995.1,18653,0,0,0,0,0,0,0,0,0,0,0,0
Sesamum indicum,GCA_000512975.1,52169,0,0,0,0,0,1,1,1,1,1,5,1
Setaria italica,GCA_001652605.1,147520,0,0,0,0,0,0,0,0,0,0,0,0
Setaria italica,GCA_000263155.2,126273,1,1,1,1,1,1,1,1,1,1,10,1
Setaria viridis,GCA_012934335.1,19521898,0,0,0,0,0,0,0,0,0,0,0,0
Setaria viridis,GCA_005286985.1,11217222,1,1,1,1,1,1,1,1,1,1,10,1
Simmondsia chinensis,GCA_900322235.1,1400,0,0,0,0,0,0,0,0,0,0,0,0
Sinapis alba,GCA_012274485.2,98426,1,1,1,1,1,0,0,0,0,0,5,1
Sisymbrium irio,GCA_000411075.1,11849,0,0,0,0,0,0,0,0,0,0,0,0
Solanum chilense,GCA_006013705.1,16791,1,1,1,1,1,0,0,0,0,0,5,1
Solanum commersonii,GCA_001239805.1,22247,0,0,0,0,0,0,0,0,0,0,0,0
Solanum lycopersicum,GCA_000325825.1,7789,0,0,0,0,0,0,0,0,0,0,0,0
Solanum lycopersicum,GCA_000181095.1,9735,1,0,0,0,0,0,0,0,0,0,1,1
Solanum lycopersicum,GCA_012431665.1,3383282,0,0,0,0,0,0,0,0,0,0,0,0
Solanum lycopersicum,GCA_002954035.1,86941,0,0,0,0,0,0,0,0,0,0,0,0
Solanum lycopersicum,GCA_900008105.1,89767,0,0,0,0,0,0,0,0,0,0,0,0
Solanum lycopersicum,GCA_000188115.3,133047,0,0,0,0,0,0,0,0,0,0,0,0
Solanum melongena,GCA_000787875.1,15025,0,0,0,0,0,0,0,0,0,0,0,0
Solanum pennellii,GCA_000820945.1,28135,0,0,0,0,0,0,0,0,0,0,0,0
Solanum pennellii,GCA_000577875.1,28135,0,0,0,0,0,0,0,0,0,0,0,0
Solanum pennellii,GCA_001406875.2,60087,0,0,0,0,0,0,0,0,0,0,0,0
Solanum phureja,GCA_009849755.1,6441,0,0,0,0,0,0,0,0,0,0,0,0
Solanum pimpinellifolium,GCA_000230315.1,5714,0,0,0,0,0,0,0,0,0,0,0,0
Solanum pimpinellifolium,GCA_003660305.1,27860,0,0,0,0,0,0,0,0,0,0,0,0
Solanum pimpinellifolium,GCA_014964335.1,10561219,0,0,0,0,0,0,0,0,0,0,0,0
Solanum tuberosum,GCA_900004685.1,2831,0,0,0,0,0,0,0,0,0,0,0,0
Solanum tuberosum,GCA_009849745.1,1138,0,0,0,0,0,0,0,0,0,0,0,0
Solanum tuberosum,GCA_010127505.1,14516,0,0,0,0,0,0,0,0,0,0,0,0
Solanum tuberosum,GCA_014189475.1,1725596,0,0,0,0,0,0,0,0,0,0,0,0
Solanum tuberosum,GCA_014189305.1,1743823,0,0,0,0,0,0,0,0,0,0,0,0
Solanum tuberosum,GCA_014182985.1,2625102,0,0,0,0,0,0,0,0,0,0,0,0
Solanum tuberosum,GCA_014182995.1,3887276,0,0,0,0,0,0,0,0,0,0,0,0
Solanum tuberosum,GCA_009827155.1,14783,0,0,0,0,0,0,0,0,0,0,0,0
Solanum tuberosum,GCA_009827175.1,16372,0,0,0,0,0,0,0,0,0,0,0,0
Solanum tuberosum,GCA_015076265.1,13367893,0,0,0,0,0,0,0,0,0,0,0,0
Solanum tuberosum,GCA_000226075.1,31914,0,0,0,0,0,1,1,1,1,1,5,1
Sorghum bicolor,GCA_000236725.2,1272,1,1,1,1,1,0,0,0,0,0,5,1
Sorghum bicolor,GCA_000236745.2,710,1,1,1,1,1,0,0,0,0,0,5,1
Sorghum bicolor,GCA_000236765.2,1565,1,1,1,1,1,0,0,0,0,0,5,1
Sorghum bicolor,GCA_008000285.1,199225,0,0,0,0,0,0,0,0,0,0,0,0
Sorghum bicolor,GCA_003482435.1,2985938,0,0,0,0,0,0,0,0,0,0,0,0
Sorghum bicolor,GCA_015952705.1,396665,1,1,1,1,1,0,0,0,0,0,5,1
Sorghum bicolor,GCA_000003195.3,1310030,1,1,1,1,1,1,1,1,1,1,10,1
Spatholobus suberectus,GCA_004329165.1,2052247,1,1,1,1,1,0,0,0,0,0,5,1
Spinacia oleracea,GCA_000510995.2,5971,1,1,1,1,1,0,0,0,0,0,5,1
Spinacia oleracea,GCA_002007265.1,42560,0,0,0,0,0,1,1,1,1,1,5,1
Spirodela polyrhiza,GCA_000504445.1,14533,0,0,0,0,0,0,0,0,0,0,0,0
Spirodela polyrhiza,GCA_900536055.1,17471,0,0,0,0,0,0,0,0,0,0,0,0
Spirodela polyrhiza,GCA_008360905.1,837937,0,0,0,0,0,0,0,0,0,0,0,0
Spirodela polyrhiza,GCA_900492545.1,2868147,0,0,0,0,0,0,0,0,0,0,0,0
Spirodela polyrhiza,GCA_013350415.1,5430887,0,0,0,0,0,0,0,0,0,0,0,0
Spirodela polyrhiza,GCA_001981405.1,17860,0,0,0,0,0,0,0,0,0,0,0,0
Spirogloea muscicola,GCA_009602725.1,18068,0,0,0,0,0,0,0,0,0,0,0,0
Striga asiatica,GCA_008636005.1,37558,1,1,1,1,1,0,0,0,0,0,5,1
Tarenaya hassleriana,GCA_000463585.1,22358,0,0,0,0,0,1,1,1,1,1,5,1
Tetrabaena socialis,GCA_002891735.1,7414,1,1,1,1,1,0,0,0,0,0,5,1
Tetracentron sinense,GCA_015143295.1,2787861,1,1,1,1,1,0,0,0,0,0,5,1
Tetradesmus obliquus,GCA_014621415.1,94410,0,0,0,0,0,0,0,0,0,0,0,0
Tetradesmus obliquus,GCA_002149895.1,155544,0,0,0,0,0,0,0,0,0,0,0,0
Tetradesmus obliquus,GCA_900108755.1,151600,0,0,0,0,0,0,0,0,0,0,0,0
Tetraselmis striata,GCA_006384855.1,126807,0,0,0,0,0,0,0,0,0,0,0,0
Theobroma cacao,GCA_000403535.1,84396,1,1,1,1,1,1,0,1,1,0,8,1
Theobroma cacao,GCA_000208745.2,87341,0,0,0,0,0,0,0,0,0,0,0,0
Thlaspi arvense,GCA_000956625.1,28155,0,0,0,0,0,0,0,0,0,0,0,0
Trifolium pratense,GCA_000583005.2,2432,1,1,1,1,1,0,0,0,0,0,5,1
Trifolium pratense,GCA_900079335.1,4845,0,0,0,0,0,0,0,0,0,0,0,0
Trifolium pratense,GCA_900292005.1,4846,0,0,0,0,0,0,0,0,0,0,0,0
Tripterygium wilfordii,GCA_013401445.1,4362171,1,1,1,1,1,1,1,1,1,1,10,1
Triticum aestivum,GCA_001889205.1,233,0,0,0,0,0,0,0,0,0,0,0,0
Triticum aestivum,GCA_001889245.1,236,0,0,0,0,0,0,0,0,0,0,0,0
Triticum aestivum,GCA_000334135.1,481,0,0,0,0,0,0,0,0,0,0,0,0
Triticum aestivum,GCA_000188135.1,566,0,0,0,0,0,0,0,0,0,0,0,0
Triticum aestivum,GCA_000334095.1,884,0,0,0,0,0,0,0,0,0,0,0,0
Triticum aestivum,GCA_001485685.1,1165,0,0,0,0,0,0,0,0,0,0,0,0
Triticum aestivum,GCA_900235935.1,1560,0,0,0,0,0,0,0,0,0,0,0,0
Triticum aestivum,GCA_900235945.1,1631,0,0,0,0,0,0,0,0,0,0,0,0
Triticum aestivum,GCA_002780565.1,1780,0,0,0,0,0,0,0,0,0,0,0,0
Triticum aestivum,GCA_002780545.1,2344,0,0,0,0,0,0,0,0,0,0,0,0
Triticum aestivum,GCA_002780475.1,5827,0,0,0,0,0,0,0,0,0,0,0,0
Triticum aestivum,GCA_900236235.1,26007,0,0,0,0,0,0,0,0,0,0,0,0
Triticum aestivum,GCA_002999095.1,76987,0,0,0,0,0,0,0,0,0,0,0,0
Triticum aestivum,GCA_000818885.1,3124,0,0,0,0,0,0,0,0,0,0,0,0
Triticum aestivum,GCA_002158495.1,8483,0,0,0,0,0,0,0,0,0,0,0,0
Triticum aestivum,GCA_001077335.1,24073,1,1,1,1,1,0,0,0,0,0,5,1
Triticum aestivum,GCA_900411305.1,8614,1,1,1,1,1,0,0,0,0,0,5,1
Triticum aestivum,GCA_000210335.1,135319,1,1,1,1,1,0,0,0,0,0,5,1
Triticum aestivum,GCA_900067735.1,2113,0,0,0,0,0,0,0,0,0,0,0,0
Triticum aestivum,GCA_900000045.1,6726,0,0,0,0,0,0,0,0,0,0,0,0
Triticum aestivum,GCA_902810665.1,13193,0,0,0,0,0,0,0,0,0,0,0,0
Triticum aestivum,GCA_902810685.1,14681,0,0,0,0,0,0,0,0,0,0,0,0
Triticum aestivum,GCA_902810645.1,15352,0,0,0,0,0,0,0,0,0,0,0,0
Triticum aestivum,GCA_902810655.1,15845,0,0,0,0,0,0,0,0,0,0,0,0
Triticum aestivum,GCA_902810675.1,18066,0,0,0,0,0,0,0,0,0,0,0,0
Triticum aestivum,GCA_900067645.1,21299,0,0,0,0,0,0,0,0,0,0,0,0
Triticum aestivum,GCA_900241085.1,21753,0,0,0,0,0,0,0,0,0,0,0,0
Triticum aestivum,GCA_902651665.1,48307,0,0,0,0,0,0,0,0,0,0,0,0
Triticum aestivum,GCA_903995565.1,50686,0,0,0,0,0,0,0,0,0,0,0,0
Triticum aestivum,GCA_903994155.1,58092,0,0,0,0,0,0,0,0,0,0,0,0
Triticum aestivum,GCA_904066035.1,66892,0,0,0,0,0,0,0,0,0,0,0,0
Triticum aestivum,GCA_903994185.1,76803,0,0,0,0,0,0,0,0,0,0,0,0
Triticum aestivum,GCA_900519105.1,51842,0,0,0,0,0,0,0,0,0,0,0,0
Triticum aestivum,GCA_002220415.3,231357,0,0,0,0,0,0,0,0,0,0,0,0
Triticum urartu,GCA_000347455.1,5782,1,1,1,1,1,0,0,0,0,0,5,1
Triticum urartu,GCA_003073215.1,278449,0,0,0,0,0,0,0,0,0,0,0,0
Ulva mutabilis,GCA_900538255.1,527412,0,0,0,0,0,0,0,0,0,0,0,0
Utricularia gibba,GCA_002189035.1,3446356,0,0,0,0,0,0,0,0,0,0,0,0
Utricularia reniformis,GCA_009725065.1,160882,0,0,0,0,0,0,0,0,0,0,0,0
Vaccinium corymbosum,GCA_014504835.1,3558,0,0,0,0,0,0,0,0,0,0,0,0
Vaccinium macrocarpon,GCA_000775335.2,4278,0,0,0,0,0,0,0,0,0,0,0,0
Vanilla planifolia,GCA_004338375.1,11683,0,0,0,0,0,0,0,0,0,0,0,0
Vanilla planifolia,GCA_016413895.1,525336,1,1,1,1,1,0,0,0,0,0,5,1
Vanilla planifolia,GCA_016413885.1,528051,1,1,1,1,1,0,0,0,0,0,5,1
Vigna angularis,GCA_001190045.1,38355,1,1,1,1,1,1,1,1,1,1,10,1
Vigna mungo,GCA_013427195.1,41708,0,0,0,0,0,0,0,0,0,0,0,0
Vigna radiata,GCA_000180895.1,228,0,0,0,0,0,0,0,0,0,0,0,0
Vigna unguiculata,GCA_003958685.2,26652,1,1,1,1,1,0,0,0,0,0,5,1
Vigna unguiculata,GCA_004118075.1,10911736,0,0,0,0,0,1,1,1,1,1,5,1
Vitis amurensis,GCA_016071775.1,344503,0,0,0,0,0,0,0,0,0,0,0,0
Vitis riparia,GCA_004353265.1,740110,0,0,0,0,0,1,1,1,1,1,5,1
Vitis vinifera,GCA_004011995.1,582904,1,1,1,1,1,0,0,0,0,0,5,1
Vitis vinifera,GCA_011037095.1,1240368,0,0,0,0,0,0,0,0,0,0,0,0
Vitis vinifera,GCA_002923165.1,112029,0,0,0,0,0,0,0,0,0,0,0,0
Vitis vinifera,GCA_002923015.1,112345,0,0,0,0,0,0,0,0,0,0,0,0
Vitis vinifera,GCA_002923105.1,112385,0,0,0,0,0,0,0,0,0,0,0,0
Vitis vinifera,GCA_002922885.1,112345,0,0,0,0,0,0,0,0,0,0,0,0
Vitis vinifera,GCA_000003745.2,102674,1,1,1,1,1,1,0,0,1,0,7,1
Xanthoceras sorbifolium,GCA_003430845.1,1044891,0,0,0,0,0,0,0,0,0,0,0,0
Xerophyta viscosa,GCA_002076135.1,1168296,0,0,0,0,0,0,0,0,0,0,0,0
Yamagishiella unicocca,GCA_003117035.1,543037,0,0,0,0,0,0,0,0,0,0,0,0
Yamagishiella unicocca,GCA_003116995.1,666310,0,0,0,0,0,0,0,0,0,0,0,0
Zea mays,GCA_000275765.1,949,0,0,0,0,0,0,0,0,0,0,0,0
Zea mays,GCA_000223545.1,1129,0,0,0,0,0,0,0,0,0,0,0,0
Zea mays,GCA_003709335.1,99755,0,0,0,0,0,0,0,0,0,0,0,0
Zea mays,GCA_003704525.1,112764,0,0,0,0,0,0,0,0,0,0,0,0
Zea mays,GCA_000005005.6,1279870,1,1,1,1,1,0,0,0,0,0,5,1
Zea mays,GCA_003185045.1,1491782,1,1,1,1,1,0,0,0,0,0,5,1
Zea mays,GCA_014529475.1,5994828,0,0,0,0,0,0,0,0,0,0,0,0
Zea mays,GCA_902166985.1,6154417,0,0,0,0,0,0,0,0,0,0,0,0
Zea mays,GCA_902167155.1,9503937,0,0,0,0,0,0,0,0,0,0,0,0
Zea mays,GCA_009176585.1,9505513,0,0,0,0,0,0,0,0,0,0,0,0
Zea mays,GCA_902167055.1,10773667,0,0,0,0,0,0,0,0,0,0,0,0
Zea mays,GCA_902166975.1,10969892,0,0,0,0,0,0,0,0,0,0,0,0
Zea mays,GCA_902373975.1,11020605,0,0,0,0,0,0,0,0,0,0,0,0
Zea mays,GCA_902167185.1,11081629,0,0,0,0,0,0,0,0,0,0,0,0
Zea mays,GCA_902166955.1,12819092,0,0,0,0,0,0,0,0,0,0,0,0
Zea mays,GCA_902167105.1,14857510,0,0,0,0,0,0,0,0,0,0,0,0
Zea mays,GCA_902167045.1,18793377,0,0,0,0,0,0,0,0,0,0,0,0
Zea mays,GCA_902167065.1,19062462,0,0,0,0,0,0,0,0,0,0,0,0
Zea mays,GCA_902167135.1,21244100,0,0,0,0,0,0,0,0,0,0,0,0
Zea mays,GCA_902167035.1,23501583,0,0,0,0,0,0,0,0,0,0,0,0
Zea mays,GCA_902167165.1,25023746,0,0,0,0,0,0,0,0,0,0,0,0
Zea mays,GCA_902167015.1,25529732,0,0,0,0,0,0,0,0,0,0,0,0
Zea mays,GCA_902167025.1,26297206,0,0,0,0,0,0,0,0,0,0,0,0
Zea mays,GCA_902166995.1,27344863,0,0,0,0,0,0,0,0,0,0,0,0
Zea mays,GCA_902167115.1,27572191,0,0,0,0,0,0,0,0,0,0,0,0
Zea mays,GCA_902167205.1,28016142,0,0,0,0,0,0,0,0,0,0,0,0
Zea mays,GCA_902167095.1,30550178,0,0,0,0,0,0,0,0,0,0,0,0
Zea mays,GCA_902167085.1,31434336,0,0,0,0,0,0,0,0,0,0,0,0
Zea mays,GCA_902167175.1,31762608,0,0,0,0,0,0,0,0,0,0,0,0
Zea mays,GCA_902167375.1,31976453,0,0,0,0,0,0,0,0,0,0,0,0
Zea mays,GCA_902166965.1,35863069,0,0,0,0,0,0,0,0,0,0,0,0
Zea mays,GCA_902167005.1,49071148,0,0,0,0,0,0,0,0,0,0,0,0
Zea mays,GCA_902167075.1,49888411,0,0,0,0,0,0,0,0,0,0,0,0
Zea mays,GCA_902714155.1,161994764,0,0,0,0,0,0,0,0,0,0,0,0
Zea mays,GCA_905067065.1,84946,0,0,0,0,0,0,0,0,0,0,0,0
Zea mays,GCA_902167145.1,47037903,0,0,0,0,0,1,1,1,1,1,5,1
Zizania latifolia,GCA_000418225.1,13068,0,0,0,0,0,0,0,0,0,0,0,0
Ziziphus jujuba,GCA_001835785.2,2172811,0,0,0,0,0,0,0,0,0,0,0,0
Ziziphus jujuba,GCA_000826755.1,33947,0,0,0,0,0,1,1,1,1,1,5,1
Zostera marina,GCA_001185155.1,79958,1,1,1,1,1,0,0,0,0,0,5,1
Zoysia japonica,GCA_001602275.1,37669,0,0,0,0,0,0,0,0,0,0,0,0
Zoysia matrella,GCA_001602295.1,24399,0,0,0,0,0,0,0,0,0,0,0,0
Zoysia pacifica,GCA_001602315.1,29005,0,0,0,0,0,0,0,0,0,0,0,0
